BEGIN TRANSACTION;
CREATE TABLE IF NOT EXISTS "CD" (
	"id_cd"	integer NOT NULL,
	"id_company"	integer NOT NULL,
	"id_performer"	integer NOT NULL,
	"compact_code"	text NOT NULL,
	"compact_price"	integer NOT NULL,
	"compact_date"	date NOT NULL,
	CONSTRAINT "compact_code" UNIQUE("compact_code"),
	CONSTRAINT "CD_performers" FOREIGN KEY("id_performer") REFERENCES "performers"("id_performer"),
	CONSTRAINT "CD_companies" FOREIGN KEY("id_company") REFERENCES "companies"("id_company"),
	CONSTRAINT "id_cd" PRIMARY KEY("id_cd")
);
CREATE TABLE IF NOT EXISTS "authors" (
	"id_author"	integer NOT NULL DEFAULT unknown,
	"author_name"	text NOT NULL,
	CONSTRAINT "id_author" PRIMARY KEY("id_author" AUTOINCREMENT)
);
CREATE TABLE IF NOT EXISTS "companies" (
	"id_company"	integer NOT NULL,
	"company_name"	text NOT NULL,
	CONSTRAINT "id_company" PRIMARY KEY("id_company")
);
CREATE TABLE IF NOT EXISTS "operations" (
	"id_operation"	integer NOT NULL,
	"operation_name"	text NOT NULL CHECK(NOT null),
	CONSTRAINT "id_operation" PRIMARY KEY("id_operation")
);
CREATE TABLE IF NOT EXISTS "performers" (
	"id_performer"	integer NOT NULL,
	"performer_name"	text NOT NULL,
	CONSTRAINT "id_performer" PRIMARY KEY("id_performer")
);
CREATE TABLE IF NOT EXISTS "storage" (
	"id_storageSlot"	 NOT NULL,
	"id_cd"	integer NOT NULL,
	"CD_amount"	integer NOT NULL CHECK("CD_amount" >= 0),
	CONSTRAINT "id_cd" UNIQUE("id_cd"),
	CONSTRAINT "Storage_CD" FOREIGN KEY("id_cd") REFERENCES "CD"("id_cd"),
	CONSTRAINT "storage_pk" PRIMARY KEY("id_storageSlot")
);
CREATE TABLE IF NOT EXISTS "trades" (
	"id_trade"	integer NOT NULL,
	"id_operation"	integer NOT NULL,
	"copies_amount"	integer NOT NULL CHECK("copies_amount" > 0),
	"trade_date"	date NOT NULL,
	"id_storageSlot"	integer NOT NULL,
	CONSTRAINT "trades_Storage" FOREIGN KEY("id_storageSlot") REFERENCES "storage"("id_storageSlot"),
	CONSTRAINT "id_trade" PRIMARY KEY("id_trade"),
	CONSTRAINT "trades_operations" FOREIGN KEY("id_operation") REFERENCES "operations"("id_operation")
);
CREATE TABLE IF NOT EXISTS "compositions" (
	"id_composition"	integer NOT NULL,
	"id_author"	integer NOT NULL,
	"composition_name"	text,
	CONSTRAINT "copmositions_authors" FOREIGN KEY("id_author") REFERENCES "authors"("id_author"),
	CONSTRAINT "id_composition" PRIMARY KEY("id_composition")
);
CREATE TABLE IF NOT EXISTS "CD_compositions" (
	"id_cd"	integer NOT NULL,
	"id_composition"	integer NOT NULL,
	UNIQUE("id_cd","id_composition"),
	CONSTRAINT "CD_compositions_copmositions" FOREIGN KEY("id_composition") REFERENCES "compositions"("id_composition"),
	CONSTRAINT "CD_compositions_CD" FOREIGN KEY("id_cd") REFERENCES "CD"("id_cd")
);
INSERT INTO "CD" VALUES (1,2,19,'40741854-9','10 949','14-02-2022');
INSERT INTO "CD" VALUES (2,4,5,'38223352-2','99 756','08-01-2022');
INSERT INTO "CD" VALUES (3,6,8,'29830591-7','57 251','02-11-2021');
INSERT INTO "CD" VALUES (4,2,4,'32498528-K','33 653','09-03-2021');
INSERT INTO "CD" VALUES (5,3,8,'26208908-8','28 191','07-02-2021');
INSERT INTO "CD" VALUES (6,6,10,'3517331-5','37 420','26-02-2022');
INSERT INTO "CD" VALUES (7,3,20,'28120592-7','53 418','27-03-2021');
INSERT INTO "CD" VALUES (8,1,18,'47805550-1','2 705','31-05-2022');
INSERT INTO "CD" VALUES (9,4,2,'931623-K','49 597','02-05-2021');
INSERT INTO "CD" VALUES (10,6,14,'3634994-8','85 020','01-05-2022');
INSERT INTO "CD" VALUES (11,2,9,'21847967-7','22 046','12-01-2022');
INSERT INTO "CD" VALUES (12,3,18,'2084310-1','97 572','05-01-2022');
INSERT INTO "CD" VALUES (13,4,3,'34270534-0','74 545','08-05-2022');
INSERT INTO "CD" VALUES (14,3,6,'36146381-1','76 883','26-01-2021');
INSERT INTO "CD" VALUES (15,2,7,'3667864-K','49 825','14-03-2021');
INSERT INTO "CD" VALUES (16,5,8,'42263582-3',695,'13-09-2021');
INSERT INTO "CD" VALUES (17,5,17,'31886758-5','97 068','27-03-2021');
INSERT INTO "CD" VALUES (18,1,12,'17967491-2','75 994','30-04-2021');
INSERT INTO "CD" VALUES (19,3,10,'47648532-0','61 974','06-04-2021');
INSERT INTO "CD" VALUES (20,1,14,'30947109-1','84 469','01-09-2021');
INSERT INTO "CD" VALUES (21,2,4,'12585862-7','92 099','23-06-2022');
INSERT INTO "CD" VALUES (22,1,2,'5020114-7','1 539','05-05-2021');
INSERT INTO "CD" VALUES (23,2,11,'27519561-8','16 947','27-12-2021');
INSERT INTO "CD" VALUES (24,2,14,'28772628-7','44 103','27-02-2021');
INSERT INTO "CD" VALUES (25,2,19,'13577492-8','95 776','20-03-2021');
INSERT INTO "CD" VALUES (26,5,4,'8726843-8','63 021','01-09-2021');
INSERT INTO "CD" VALUES (27,6,2,'8825631-K','54 283','11-05-2022');
INSERT INTO "CD" VALUES (28,5,15,'16299719-K','32 649','19-04-2021');
INSERT INTO "CD" VALUES (29,2,19,'1022561-2','67 521','22-01-2022');
INSERT INTO "CD" VALUES (30,4,13,'7613618-1','88 967','01-03-2022');
INSERT INTO "CD" VALUES (31,4,12,'41816669-K','93 932','26-08-2021');
INSERT INTO "CD" VALUES (32,1,11,'33468535-7','80 859','06-11-2021');
INSERT INTO "CD" VALUES (33,3,18,'4295753-4','60 778','05-03-2021');
INSERT INTO "CD" VALUES (34,7,4,'8693449-3','81 276','08-02-2022');
INSERT INTO "CD" VALUES (35,2,11,'19478464-3','49 573','13-02-2022');
INSERT INTO "CD" VALUES (36,4,8,'46273457-3','81 628','29-04-2021');
INSERT INTO "CD" VALUES (37,2,19,'17921329-K','86 150','29-05-2021');
INSERT INTO "CD" VALUES (38,6,13,'4055537-4','11 227','26-01-2021');
INSERT INTO "CD" VALUES (39,2,12,'21614534-8','36 066','09-12-2021');
INSERT INTO "CD" VALUES (40,5,3,'47504744-3','94 554','24-05-2022');
INSERT INTO "CD" VALUES (41,4,5,'31834685-2','12 459','03-02-2022');
INSERT INTO "CD" VALUES (42,4,4,'20842405-K','17 917','19-06-2022');
INSERT INTO "CD" VALUES (43,4,10,'22426230-2','27 522','23-01-2022');
INSERT INTO "CD" VALUES (44,4,11,'20194113-K','68 679','26-07-2022');
INSERT INTO "CD" VALUES (45,7,12,'39310736-7','93 043','19-11-2021');
INSERT INTO "CD" VALUES (46,7,12,'47754609-9','79 808','30-09-2021');
INSERT INTO "CD" VALUES (47,6,15,'27246130-9','92 554','14-05-2022');
INSERT INTO "CD" VALUES (48,4,10,'32821976-K','79 641','24-07-2021');
INSERT INTO "CD" VALUES (49,6,3,'44662925-5','92 350','20-12-2021');
INSERT INTO "CD" VALUES (50,2,1,'25660941-K','39 590','19-01-2022');
INSERT INTO "CD" VALUES (51,6,18,'38454994-2','8 425','17-07-2021');
INSERT INTO "CD" VALUES (52,1,13,'40338555-7','46 556','22-09-2021');
INSERT INTO "CD" VALUES (53,4,16,'38165512-1','4 409','05-06-2022');
INSERT INTO "CD" VALUES (54,6,20,'16716107-3','52 876','07-04-2022');
INSERT INTO "CD" VALUES (55,2,15,'3077171-0','30 139','22-04-2022');
INSERT INTO "CD" VALUES (56,7,20,'41998993-2','19 748','01-04-2022');
INSERT INTO "CD" VALUES (57,3,6,'4373529-2','98 053','26-07-2021');
INSERT INTO "CD" VALUES (58,3,17,'14205957-6','51 638','20-01-2022');
INSERT INTO "CD" VALUES (59,5,13,'992194-K','38 928','22-05-2022');
INSERT INTO "CD" VALUES (60,7,14,'40718944-2','21 073','17-08-2021');
INSERT INTO "CD" VALUES (61,4,16,'16623912-5','42 930','28-01-2022');
INSERT INTO "CD" VALUES (62,2,14,'38552437-4','56 712','09-03-2021');
INSERT INTO "CD" VALUES (63,6,11,'37834680-0','40 317','15-06-2021');
INSERT INTO "CD" VALUES (64,3,20,'354606-3','82 211','05-03-2022');
INSERT INTO "CD" VALUES (65,5,14,'32283223-0','71 683','29-06-2021');
INSERT INTO "CD" VALUES (66,3,3,'40283137-5','44 936','28-04-2021');
INSERT INTO "CD" VALUES (67,4,6,'31423587-8','21 864','13-04-2022');
INSERT INTO "CD" VALUES (68,2,11,'39378259-5','76 620','03-11-2021');
INSERT INTO "CD" VALUES (69,2,8,'15406578-4','27 416','15-04-2022');
INSERT INTO "CD" VALUES (70,3,2,'40204882-4','80 548','10-04-2022');
INSERT INTO "CD" VALUES (71,7,19,'19462632-0','81 663','04-06-2021');
INSERT INTO "CD" VALUES (72,6,14,'205032-3','68 612','27-08-2021');
INSERT INTO "CD" VALUES (73,3,7,'2960282-4','28 511','30-03-2021');
INSERT INTO "CD" VALUES (74,4,7,'30857189-0','28 887','18-11-2021');
INSERT INTO "CD" VALUES (75,5,3,'13276527-8','68 159','10-06-2021');
INSERT INTO "CD" VALUES (76,3,7,'20658623-0','28 977','15-01-2022');
INSERT INTO "CD" VALUES (77,4,12,'6656561-0','59 809','20-07-2022');
INSERT INTO "CD" VALUES (78,5,6,'45295592-K','24 538','24-02-2021');
INSERT INTO "CD" VALUES (79,3,16,'11845125-2','74 188','10-08-2021');
INSERT INTO "CD" VALUES (80,3,16,'9926841-7','82 033','13-11-2021');
INSERT INTO "CD" VALUES (81,3,10,'28233717-7','25 390','04-09-2021');
INSERT INTO "CD" VALUES (82,2,13,'12621820-6','35 506','22-11-2021');
INSERT INTO "CD" VALUES (83,3,14,'46930761-1','40 262','13-01-2022');
INSERT INTO "CD" VALUES (84,1,7,'49967266-7','57 283','07-03-2021');
INSERT INTO "CD" VALUES (85,1,19,'14989396-2','18 681','26-03-2021');
INSERT INTO "CD" VALUES (86,1,8,'28932525-5','56 836','15-03-2021');
INSERT INTO "CD" VALUES (87,2,8,'12931618-7','20 982','25-03-2021');
INSERT INTO "CD" VALUES (88,6,1,'50733602-7','42 481','26-06-2022');
INSERT INTO "CD" VALUES (89,2,3,'25153820-4','93 802','16-03-2021');
INSERT INTO "CD" VALUES (90,6,13,'22178774-9','91 224','31-08-2021');
INSERT INTO "CD" VALUES (91,1,19,'30952642-2','4 385','26-04-2021');
INSERT INTO "CD" VALUES (92,2,19,'8875439-5','74 864','15-08-2021');
INSERT INTO "CD" VALUES (93,1,8,'16505209-9','85 134','15-05-2021');
INSERT INTO "CD" VALUES (94,4,8,'29213570-K','85 014','20-07-2021');
INSERT INTO "CD" VALUES (95,5,10,'5795714-K','25 927','03-07-2022');
INSERT INTO "CD" VALUES (96,6,18,'39124720-K','56 523','10-11-2021');
INSERT INTO "CD" VALUES (97,7,1,'32735399-3','9 386','29-07-2022');
INSERT INTO "CD" VALUES (98,1,8,'42170952-1','93 179','24-07-2022');
INSERT INTO "CD" VALUES (99,4,1,'13501944-5','5 136','17-05-2022');
INSERT INTO "CD" VALUES (100,6,4,'8185576-5','92 548','24-01-2022');
INSERT INTO "CD" VALUES (101,5,4,'8382246-5','94 427','19-03-2021');
INSERT INTO "CD" VALUES (102,5,9,'21179966-8','83 605','18-12-2021');
INSERT INTO "CD" VALUES (103,4,6,'3477041-7','78 207','08-08-2021');
INSERT INTO "CD" VALUES (104,5,18,'4879178-6','32 344','30-01-2022');
INSERT INTO "CD" VALUES (105,3,11,'28247591-K','85 024','04-02-2021');
INSERT INTO "CD" VALUES (106,2,11,'3432969-9','26 430','28-06-2021');
INSERT INTO "CD" VALUES (107,5,2,'17232294-8','30 870','22-10-2021');
INSERT INTO "CD" VALUES (108,6,11,'13893450-0','59 883','04-03-2022');
INSERT INTO "CD" VALUES (109,3,7,'3132474-2','26 037','30-06-2021');
INSERT INTO "CD" VALUES (110,2,10,'2627189-4','25 832','31-01-2022');
INSERT INTO "CD" VALUES (111,7,11,'36799510-6','90 132','13-08-2021');
INSERT INTO "CD" VALUES (112,4,12,'435428-1','22 869','21-11-2021');
INSERT INTO "CD" VALUES (113,6,18,'4512180-1','99 057','22-05-2021');
INSERT INTO "CD" VALUES (114,3,14,'41923861-9','7 227','11-05-2022');
INSERT INTO "CD" VALUES (115,4,19,'40247725-3','28 102','13-05-2022');
INSERT INTO "CD" VALUES (116,1,12,'11651435-4','90 504','01-10-2021');
INSERT INTO "CD" VALUES (117,1,13,'19483462-4','82 726','17-07-2022');
INSERT INTO "CD" VALUES (118,3,8,'24865997-1','30 998','16-02-2022');
INSERT INTO "CD" VALUES (119,2,3,'24510485-5','48 805','25-02-2022');
INSERT INTO "CD" VALUES (120,4,2,'22427203-0','26 168','26-10-2021');
INSERT INTO "CD" VALUES (121,3,12,'40606595-2','66 195','27-06-2022');
INSERT INTO "CD" VALUES (122,3,16,'5042293-3','23 949','08-02-2021');
INSERT INTO "CD" VALUES (123,4,6,'9953677-2','46 504','21-11-2021');
INSERT INTO "CD" VALUES (124,6,18,'30892926-4','89 729','26-09-2021');
INSERT INTO "CD" VALUES (125,2,11,'24431470-8','9 880','23-08-2021');
INSERT INTO "CD" VALUES (126,5,11,'2429292-4','88 180','29-09-2021');
INSERT INTO "CD" VALUES (127,6,10,'12830851-2','73 096','13-02-2021');
INSERT INTO "CD" VALUES (128,6,13,'47351349-8','70 797','05-08-2021');
INSERT INTO "CD" VALUES (129,3,13,'33188192-9','65 364','13-05-2022');
INSERT INTO "CD" VALUES (130,2,1,'4851472-3',654,'03-03-2022');
INSERT INTO "CD" VALUES (131,4,8,'31963505-K','17 096','19-06-2022');
INSERT INTO "CD" VALUES (132,2,18,'178845-0','75 868','18-10-2021');
INSERT INTO "CD" VALUES (133,6,13,'412253-4','63 673','18-07-2021');
INSERT INTO "CD" VALUES (134,2,16,'20514862-0','67 845','13-06-2022');
INSERT INTO "CD" VALUES (135,1,4,'44518676-7','92 878','13-01-2021');
INSERT INTO "CD" VALUES (136,2,7,'31470688-9','86 512','03-04-2022');
INSERT INTO "CD" VALUES (137,5,10,'40936121-8','71 781','03-07-2022');
INSERT INTO "CD" VALUES (138,2,10,'25405433-K','85 622','17-07-2022');
INSERT INTO "CD" VALUES (139,1,8,'30548951-4','8 252','10-05-2021');
INSERT INTO "CD" VALUES (140,6,12,'10623175-3','90 953','20-02-2021');
INSERT INTO "CD" VALUES (141,2,7,'9192425-0','13 181','30-05-2021');
INSERT INTO "CD" VALUES (142,3,10,'20596389-8','22 951','28-07-2022');
INSERT INTO "CD" VALUES (143,4,7,'37612372-3','52 553','28-07-2022');
INSERT INTO "CD" VALUES (144,7,18,'42550972-1','86 861','24-02-2021');
INSERT INTO "CD" VALUES (145,5,9,'35435402-0','91 255','07-06-2022');
INSERT INTO "CD" VALUES (146,6,4,'2782234-7','41 834','07-02-2021');
INSERT INTO "CD" VALUES (147,3,19,'14692560-K','34 895','06-01-2022');
INSERT INTO "CD" VALUES (148,7,15,'13634785-3','39 934','06-03-2022');
INSERT INTO "CD" VALUES (149,6,2,'2893754-7','37 135','10-03-2022');
INSERT INTO "CD" VALUES (150,5,1,'47449347-4','98 814','10-09-2021');
INSERT INTO "CD" VALUES (151,4,3,'10299445-0','83 548','19-03-2022');
INSERT INTO "CD" VALUES (152,5,7,'37990871-3','18 456','01-03-2022');
INSERT INTO "CD" VALUES (153,7,16,'11129527-1','24 129','13-07-2021');
INSERT INTO "CD" VALUES (154,5,10,'1299375-7','1 605','01-04-2021');
INSERT INTO "CD" VALUES (155,5,17,'44871248-6','12 088','06-04-2022');
INSERT INTO "CD" VALUES (156,5,17,'2355407-0','29 420','14-07-2022');
INSERT INTO "CD" VALUES (157,6,4,'10567135-0','8 531','06-05-2021');
INSERT INTO "CD" VALUES (158,3,19,'15463235-2','14 509','11-01-2022');
INSERT INTO "CD" VALUES (159,2,11,'38328530-5','48 907','30-06-2021');
INSERT INTO "CD" VALUES (160,3,11,'34581275-K','12 436','19-04-2021');
INSERT INTO "CD" VALUES (161,4,17,'22872492-0','86 257','26-07-2021');
INSERT INTO "CD" VALUES (162,2,14,'7633490-0','36 685','07-11-2021');
INSERT INTO "CD" VALUES (163,7,9,'10253521-9','15 405','17-03-2022');
INSERT INTO "CD" VALUES (164,1,17,'4755456-K','12 790','28-02-2022');
INSERT INTO "CD" VALUES (165,1,2,'18914414-8','62 014','24-02-2022');
INSERT INTO "CD" VALUES (166,2,18,'31567768-8','75 537','20-06-2022');
INSERT INTO "CD" VALUES (167,3,11,'45709418-3','39 425','09-01-2021');
INSERT INTO "CD" VALUES (168,6,18,'44820122-8','98 643','21-03-2022');
INSERT INTO "CD" VALUES (169,1,9,'26385388-1','5 431','13-04-2021');
INSERT INTO "CD" VALUES (170,2,19,'3426666-2','60 900','05-01-2021');
INSERT INTO "CD" VALUES (171,5,6,'11585737-1','63 424','12-02-2022');
INSERT INTO "CD" VALUES (172,1,5,'34662152-4','84 855','23-06-2022');
INSERT INTO "CD" VALUES (173,1,8,'2496474-4','3 801','06-11-2021');
INSERT INTO "CD" VALUES (174,6,5,'47826107-1','29 308','01-02-2021');
INSERT INTO "CD" VALUES (175,2,12,'48311792-2','72 724','08-12-2021');
INSERT INTO "CD" VALUES (176,3,15,'30191681-7','49 536','29-01-2021');
INSERT INTO "CD" VALUES (177,1,17,'19756603-5','93 945','26-04-2022');
INSERT INTO "CD" VALUES (178,7,18,'45253675-7','4 430','17-08-2021');
INSERT INTO "CD" VALUES (179,4,12,'163110-1','78 937','05-12-2021');
INSERT INTO "CD" VALUES (180,3,18,'25554840-9','2 436','07-01-2021');
INSERT INTO "CD" VALUES (181,1,19,'35184687-9','59 317','01-03-2021');
INSERT INTO "CD" VALUES (182,3,16,'31221235-8','62 311','07-04-2022');
INSERT INTO "CD" VALUES (183,7,1,'29629620-1','21 488','27-04-2022');
INSERT INTO "CD" VALUES (184,4,2,'1965617-9','60 007','05-03-2022');
INSERT INTO "CD" VALUES (185,1,16,'37314900-4','80 347','07-03-2021');
INSERT INTO "CD" VALUES (186,5,17,'26430342-7','19 404','14-01-2021');
INSERT INTO "CD" VALUES (187,6,6,'4767459-K','73 747','20-09-2021');
INSERT INTO "CD" VALUES (188,6,10,'8697934-9','9 356','08-07-2022');
INSERT INTO "CD" VALUES (189,6,11,'43705887-3','6 528','09-11-2021');
INSERT INTO "CD" VALUES (190,6,16,'34386559-7','53 404','25-03-2022');
INSERT INTO "CD" VALUES (191,3,12,'22293408-7','72 507','08-05-2021');
INSERT INTO "CD" VALUES (192,5,4,'36987783-6','44 137','23-04-2021');
INSERT INTO "CD" VALUES (193,5,19,'644592-6','92 163','07-03-2022');
INSERT INTO "CD" VALUES (194,5,6,'46430472-K','20 632','23-03-2021');
INSERT INTO "CD" VALUES (195,3,13,'21676191-K','64 494','15-04-2022');
INSERT INTO "CD" VALUES (196,3,14,'46477266-9','75 082','15-02-2022');
INSERT INTO "CD" VALUES (197,7,10,'50279423-K','62 288','10-04-2021');
INSERT INTO "CD" VALUES (198,2,2,'15474238-7','86 406','17-03-2022');
INSERT INTO "CD" VALUES (199,6,19,'7164498-7','26 580','26-04-2022');
INSERT INTO "CD" VALUES (200,3,17,'64241-K','52 584','26-06-2021');
INSERT INTO "CD" VALUES (201,4,1,'123456-D',666,'27-04-2001');
INSERT INTO "CD" VALUES (202,3,4,'6464637-3',1488,'21-21-2022');
INSERT INTO "authors" VALUES (1,'Nero Shannon');
INSERT INTO "authors" VALUES (2,'Warren Patterson');
INSERT INTO "authors" VALUES (3,'Zelenia Ratliff');
INSERT INTO "authors" VALUES (4,'Doris Pierce');
INSERT INTO "authors" VALUES (5,'Joseph Joseph');
INSERT INTO "authors" VALUES (6,'Ulla Mendoza');
INSERT INTO "authors" VALUES (7,'Judah Keith');
INSERT INTO "authors" VALUES (8,'Eaton Simpson');
INSERT INTO "authors" VALUES (9,'Rae Owens');
INSERT INTO "authors" VALUES (10,'Thomas Church');
INSERT INTO "authors" VALUES (11,'September Flores');
INSERT INTO "authors" VALUES (12,'Jeremy Coleman');
INSERT INTO "authors" VALUES (13,'Raven Davis');
INSERT INTO "authors" VALUES (14,'Colton Short');
INSERT INTO "authors" VALUES (15,'Ali Porter');
INSERT INTO "companies" VALUES (1,'Denon');
INSERT INTO "companies" VALUES (2,'Bang&Olufsen');
INSERT INTO "companies" VALUES (3,'Classé');
INSERT INTO "companies" VALUES (4,'Cambridge_Audio');
INSERT INTO "companies" VALUES (5,'Bose_Corporation');
INSERT INTO "companies" VALUES (6,'Creek_Audio');
INSERT INTO "companies" VALUES (7,'Boulder_Amplifiers');
INSERT INTO "companies" VALUES (8,'Boulder_Amplifiers');
INSERT INTO "operations" VALUES (1,'sale');
INSERT INTO "operations" VALUES (2,'admission');
INSERT INTO "performers" VALUES (1,'Gil Soto');
INSERT INTO "performers" VALUES (2,'Alfonso Ashley');
INSERT INTO "performers" VALUES (3,'Cally Moss');
INSERT INTO "performers" VALUES (4,'Travis Patel');
INSERT INTO "performers" VALUES (5,'Adena Battle');
INSERT INTO "performers" VALUES (6,'Yetta Bailey');
INSERT INTO "performers" VALUES (7,'Desirae Richardson');
INSERT INTO "performers" VALUES (8,'Hu Hyde');
INSERT INTO "performers" VALUES (9,'Nelle Clements');
INSERT INTO "performers" VALUES (10,'Danielle Meyers');
INSERT INTO "performers" VALUES (11,'Dawn Swanson');
INSERT INTO "performers" VALUES (12,'Jerry Norris');
INSERT INTO "performers" VALUES (13,'Rooney Vang');
INSERT INTO "performers" VALUES (14,'Laith Underwood');
INSERT INTO "performers" VALUES (15,'Hillary Wheeler');
INSERT INTO "performers" VALUES (16,'Walter Terry');
INSERT INTO "performers" VALUES (17,'Jolene Wright');
INSERT INTO "performers" VALUES (18,'Maile Miles');
INSERT INTO "performers" VALUES (19,'Duncan Slater');
INSERT INTO "performers" VALUES (20,'Idola Vazquez');
INSERT INTO "storage" VALUES (1,1,4);
INSERT INTO "storage" VALUES (2,2,8);
INSERT INTO "storage" VALUES (3,3,2);
INSERT INTO "storage" VALUES (4,4,21);
INSERT INTO "storage" VALUES (5,5,13);
INSERT INTO "storage" VALUES (6,6,18);
INSERT INTO "storage" VALUES (7,7,15);
INSERT INTO "storage" VALUES (8,8,25);
INSERT INTO "storage" VALUES (9,9,5);
INSERT INTO "storage" VALUES (10,10,5);
INSERT INTO "storage" VALUES (11,11,9);
INSERT INTO "storage" VALUES (12,12,7);
INSERT INTO "storage" VALUES (13,13,18);
INSERT INTO "storage" VALUES (14,14,12);
INSERT INTO "storage" VALUES (15,15,12);
INSERT INTO "storage" VALUES (16,16,13);
INSERT INTO "storage" VALUES (17,17,21);
INSERT INTO "storage" VALUES (18,18,9);
INSERT INTO "storage" VALUES (19,19,13);
INSERT INTO "storage" VALUES (20,20,16);
INSERT INTO "storage" VALUES (21,21,17);
INSERT INTO "storage" VALUES (22,22,16);
INSERT INTO "storage" VALUES (23,23,14);
INSERT INTO "storage" VALUES (24,24,14);
INSERT INTO "storage" VALUES (25,25,20);
INSERT INTO "storage" VALUES (26,26,14);
INSERT INTO "storage" VALUES (27,27,10);
INSERT INTO "storage" VALUES (28,28,10);
INSERT INTO "storage" VALUES (29,29,15);
INSERT INTO "storage" VALUES (30,30,11);
INSERT INTO "storage" VALUES (31,31,22);
INSERT INTO "storage" VALUES (32,32,10);
INSERT INTO "storage" VALUES (33,33,19);
INSERT INTO "storage" VALUES (34,34,7);
INSERT INTO "storage" VALUES (35,35,16);
INSERT INTO "storage" VALUES (36,36,20);
INSERT INTO "storage" VALUES (37,37,18);
INSERT INTO "storage" VALUES (38,38,16);
INSERT INTO "storage" VALUES (39,39,6);
INSERT INTO "storage" VALUES (40,40,13);
INSERT INTO "storage" VALUES (41,41,12);
INSERT INTO "storage" VALUES (42,42,21);
INSERT INTO "storage" VALUES (43,43,14);
INSERT INTO "storage" VALUES (44,44,20);
INSERT INTO "storage" VALUES (45,45,17);
INSERT INTO "storage" VALUES (46,46,15);
INSERT INTO "storage" VALUES (47,47,19);
INSERT INTO "storage" VALUES (48,48,15);
INSERT INTO "storage" VALUES (49,49,12);
INSERT INTO "storage" VALUES (50,50,20);
INSERT INTO "storage" VALUES (51,51,16);
INSERT INTO "storage" VALUES (52,52,7);
INSERT INTO "storage" VALUES (53,53,19);
INSERT INTO "storage" VALUES (54,54,19);
INSERT INTO "storage" VALUES (55,55,10);
INSERT INTO "storage" VALUES (56,56,12);
INSERT INTO "storage" VALUES (57,57,17);
INSERT INTO "storage" VALUES (58,58,10);
INSERT INTO "storage" VALUES (59,59,15);
INSERT INTO "storage" VALUES (60,60,16);
INSERT INTO "storage" VALUES (61,61,15);
INSERT INTO "storage" VALUES (62,62,13);
INSERT INTO "storage" VALUES (63,63,14);
INSERT INTO "storage" VALUES (64,64,17);
INSERT INTO "storage" VALUES (65,65,21);
INSERT INTO "storage" VALUES (66,66,9);
INSERT INTO "storage" VALUES (67,67,11);
INSERT INTO "storage" VALUES (68,68,13);
INSERT INTO "storage" VALUES (69,69,14);
INSERT INTO "storage" VALUES (70,70,19);
INSERT INTO "storage" VALUES (71,71,17);
INSERT INTO "storage" VALUES (72,72,17);
INSERT INTO "storage" VALUES (73,73,17);
INSERT INTO "storage" VALUES (74,74,9);
INSERT INTO "storage" VALUES (75,75,19);
INSERT INTO "storage" VALUES (76,76,8);
INSERT INTO "storage" VALUES (77,77,17);
INSERT INTO "storage" VALUES (78,78,11);
INSERT INTO "storage" VALUES (79,79,4);
INSERT INTO "storage" VALUES (80,80,8);
INSERT INTO "storage" VALUES (81,81,14);
INSERT INTO "storage" VALUES (82,82,22);
INSERT INTO "storage" VALUES (83,83,11);
INSERT INTO "storage" VALUES (84,84,13);
INSERT INTO "storage" VALUES (85,85,13);
INSERT INTO "storage" VALUES (86,86,9);
INSERT INTO "storage" VALUES (87,87,9);
INSERT INTO "storage" VALUES (88,88,10);
INSERT INTO "storage" VALUES (89,89,20);
INSERT INTO "storage" VALUES (90,90,8);
INSERT INTO "storage" VALUES (91,91,14);
INSERT INTO "storage" VALUES (92,92,16);
INSERT INTO "storage" VALUES (93,93,20);
INSERT INTO "storage" VALUES (94,94,8);
INSERT INTO "storage" VALUES (95,95,15);
INSERT INTO "storage" VALUES (96,96,10);
INSERT INTO "storage" VALUES (97,97,16);
INSERT INTO "storage" VALUES (98,98,10);
INSERT INTO "storage" VALUES (99,99,12);
INSERT INTO "storage" VALUES (100,100,8);
INSERT INTO "storage" VALUES (101,101,16);
INSERT INTO "storage" VALUES (102,102,18);
INSERT INTO "storage" VALUES (103,103,17);
INSERT INTO "storage" VALUES (104,104,12);
INSERT INTO "storage" VALUES (105,105,16);
INSERT INTO "storage" VALUES (106,106,7);
INSERT INTO "storage" VALUES (107,107,12);
INSERT INTO "storage" VALUES (108,108,11);
INSERT INTO "storage" VALUES (109,109,14);
INSERT INTO "storage" VALUES (110,110,14);
INSERT INTO "storage" VALUES (111,111,13);
INSERT INTO "storage" VALUES (112,112,20);
INSERT INTO "storage" VALUES (113,113,16);
INSERT INTO "storage" VALUES (114,114,11);
INSERT INTO "storage" VALUES (115,115,21);
INSERT INTO "storage" VALUES (116,116,3);
INSERT INTO "storage" VALUES (117,117,8);
INSERT INTO "storage" VALUES (118,118,24);
INSERT INTO "storage" VALUES (119,119,12);
INSERT INTO "storage" VALUES (120,120,7);
INSERT INTO "storage" VALUES (121,121,17);
INSERT INTO "storage" VALUES (122,122,13);
INSERT INTO "storage" VALUES (123,123,5);
INSERT INTO "storage" VALUES (124,124,12);
INSERT INTO "storage" VALUES (125,125,12);
INSERT INTO "storage" VALUES (126,126,17);
INSERT INTO "storage" VALUES (127,127,14);
INSERT INTO "storage" VALUES (128,128,17);
INSERT INTO "storage" VALUES (129,129,8);
INSERT INTO "storage" VALUES (130,130,10);
INSERT INTO "storage" VALUES (131,131,16);
INSERT INTO "storage" VALUES (132,132,15);
INSERT INTO "storage" VALUES (133,133,13);
INSERT INTO "storage" VALUES (134,134,19);
INSERT INTO "storage" VALUES (135,135,6);
INSERT INTO "storage" VALUES (136,136,11);
INSERT INTO "storage" VALUES (137,137,8);
INSERT INTO "storage" VALUES (138,138,12);
INSERT INTO "storage" VALUES (139,139,17);
INSERT INTO "storage" VALUES (140,140,9);
INSERT INTO "storage" VALUES (141,141,21);
INSERT INTO "storage" VALUES (142,142,11);
INSERT INTO "storage" VALUES (143,143,10);
INSERT INTO "storage" VALUES (144,144,8);
INSERT INTO "storage" VALUES (145,145,17);
INSERT INTO "storage" VALUES (146,146,13);
INSERT INTO "storage" VALUES (147,147,12);
INSERT INTO "storage" VALUES (148,148,12);
INSERT INTO "storage" VALUES (149,149,12);
INSERT INTO "storage" VALUES (150,150,18);
INSERT INTO "storage" VALUES (151,151,10);
INSERT INTO "storage" VALUES (152,152,8);
INSERT INTO "storage" VALUES (153,153,8);
INSERT INTO "storage" VALUES (154,154,16);
INSERT INTO "storage" VALUES (155,155,9);
INSERT INTO "storage" VALUES (156,156,9);
INSERT INTO "storage" VALUES (157,157,19);
INSERT INTO "storage" VALUES (158,158,14);
INSERT INTO "storage" VALUES (159,159,13);
INSERT INTO "storage" VALUES (160,160,19);
INSERT INTO "storage" VALUES (161,161,20);
INSERT INTO "storage" VALUES (162,162,2);
INSERT INTO "storage" VALUES (163,163,19);
INSERT INTO "storage" VALUES (164,164,14);
INSERT INTO "storage" VALUES (165,165,20);
INSERT INTO "storage" VALUES (166,166,13);
INSERT INTO "storage" VALUES (167,167,20);
INSERT INTO "storage" VALUES (168,168,7);
INSERT INTO "storage" VALUES (169,169,9);
INSERT INTO "storage" VALUES (170,170,4);
INSERT INTO "storage" VALUES (171,171,12);
INSERT INTO "storage" VALUES (172,172,8);
INSERT INTO "storage" VALUES (173,173,23);
INSERT INTO "storage" VALUES (174,174,21);
INSERT INTO "storage" VALUES (175,175,13);
INSERT INTO "storage" VALUES (176,176,7);
INSERT INTO "storage" VALUES (177,177,10);
INSERT INTO "storage" VALUES (178,178,12);
INSERT INTO "storage" VALUES (179,179,20);
INSERT INTO "storage" VALUES (180,180,20);
INSERT INTO "storage" VALUES (181,181,13);
INSERT INTO "storage" VALUES (182,182,9);
INSERT INTO "storage" VALUES (183,183,18);
INSERT INTO "storage" VALUES (184,184,5);
INSERT INTO "storage" VALUES (185,185,12);
INSERT INTO "storage" VALUES (186,186,19);
INSERT INTO "storage" VALUES (187,187,10);
INSERT INTO "storage" VALUES (188,188,6);
INSERT INTO "storage" VALUES (189,189,15);
INSERT INTO "storage" VALUES (190,190,14);
INSERT INTO "storage" VALUES (191,191,15);
INSERT INTO "storage" VALUES (192,192,13);
INSERT INTO "storage" VALUES (193,193,18);
INSERT INTO "storage" VALUES (194,194,19);
INSERT INTO "storage" VALUES (195,195,14);
INSERT INTO "storage" VALUES (196,196,12);
INSERT INTO "storage" VALUES (197,197,20);
INSERT INTO "storage" VALUES (198,198,16);
INSERT INTO "storage" VALUES (199,199,18);
INSERT INTO "storage" VALUES (200,200,16);
INSERT INTO "storage" VALUES (201,201,14);
INSERT INTO "storage" VALUES (202,202,10);
INSERT INTO "trades" VALUES (1,2,22,'18-09-2022',1);
INSERT INTO "trades" VALUES (2,2,25,'03-04-2022',2);
INSERT INTO "trades" VALUES (3,2,21,'02-08-2022',3);
INSERT INTO "trades" VALUES (4,2,29,'31-05-2022',4);
INSERT INTO "trades" VALUES (5,2,24,'05-03-2022',5);
INSERT INTO "trades" VALUES (6,2,27,'19-08-2022',6);
INSERT INTO "trades" VALUES (7,2,26,'07-03-2022',7);
INSERT INTO "trades" VALUES (8,2,29,'06-06-2022',8);
INSERT INTO "trades" VALUES (9,2,21,'05-07-2022',9);
INSERT INTO "trades" VALUES (10,2,25,'25-03-2022',10);
INSERT INTO "trades" VALUES (11,2,21,'25-03-2022',11);
INSERT INTO "trades" VALUES (12,2,23,'26-09-2022',12);
INSERT INTO "trades" VALUES (13,2,25,'10-06-2022',13);
INSERT INTO "trades" VALUES (14,2,28,'29-03-2022',14);
INSERT INTO "trades" VALUES (15,2,23,'21-03-2022',15);
INSERT INTO "trades" VALUES (16,2,20,'26-03-2022',16);
INSERT INTO "trades" VALUES (17,2,26,'01-05-2022',17);
INSERT INTO "trades" VALUES (18,2,20,'13-06-2022',18);
INSERT INTO "trades" VALUES (19,2,24,'17-08-2022',19);
INSERT INTO "trades" VALUES (20,2,22,'04-05-2022',20);
INSERT INTO "trades" VALUES (21,2,22,'09-04-2022',21);
INSERT INTO "trades" VALUES (22,2,28,'23-10-2022',22);
INSERT INTO "trades" VALUES (23,2,26,'14-03-2022',23);
INSERT INTO "trades" VALUES (24,2,23,'25-10-2022',24);
INSERT INTO "trades" VALUES (25,2,25,'13-08-2022',25);
INSERT INTO "trades" VALUES (26,2,27,'04-08-2022',26);
INSERT INTO "trades" VALUES (27,2,21,'10-07-2022',27);
INSERT INTO "trades" VALUES (28,2,23,'04-03-2022',28);
INSERT INTO "trades" VALUES (29,2,27,'12-04-2022',29);
INSERT INTO "trades" VALUES (30,2,23,'09-10-2022',30);
INSERT INTO "trades" VALUES (31,2,28,'04-03-2022',31);
INSERT INTO "trades" VALUES (32,2,24,'26-03-2022',32);
INSERT INTO "trades" VALUES (33,2,26,'16-03-2022',33);
INSERT INTO "trades" VALUES (34,2,21,'14-04-2022',34);
INSERT INTO "trades" VALUES (35,2,28,'07-10-2022',35);
INSERT INTO "trades" VALUES (36,2,29,'08-08-2022',36);
INSERT INTO "trades" VALUES (37,2,28,'18-06-2022',37);
INSERT INTO "trades" VALUES (38,2,21,'16-03-2022',38);
INSERT INTO "trades" VALUES (39,2,21,'15-09-2022',39);
INSERT INTO "trades" VALUES (40,2,26,'09-10-2022',40);
INSERT INTO "trades" VALUES (41,2,26,'08-10-2022',41);
INSERT INTO "trades" VALUES (42,2,25,'16-03-2022',42);
INSERT INTO "trades" VALUES (43,2,27,'15-04-2022',43);
INSERT INTO "trades" VALUES (44,2,29,'29-04-2022',44);
INSERT INTO "trades" VALUES (45,2,29,'29-08-2022',45);
INSERT INTO "trades" VALUES (46,2,29,'02-10-2022',46);
INSERT INTO "trades" VALUES (47,2,23,'31-08-2022',47);
INSERT INTO "trades" VALUES (48,2,27,'31-07-2022',48);
INSERT INTO "trades" VALUES (49,2,27,'11-03-2022',49);
INSERT INTO "trades" VALUES (50,2,30,'26-08-2022',50);
INSERT INTO "trades" VALUES (51,2,25,'11-09-2022',51);
INSERT INTO "trades" VALUES (52,2,23,'23-05-2022',52);
INSERT INTO "trades" VALUES (53,2,26,'02-07-2022',53);
INSERT INTO "trades" VALUES (54,2,27,'19-07-2022',54);
INSERT INTO "trades" VALUES (55,2,23,'28-07-2022',55);
INSERT INTO "trades" VALUES (56,2,25,'07-08-2022',56);
INSERT INTO "trades" VALUES (57,2,21,'19-03-2022',57);
INSERT INTO "trades" VALUES (58,2,25,'28-07-2022',58);
INSERT INTO "trades" VALUES (59,2,24,'27-05-2022',59);
INSERT INTO "trades" VALUES (60,2,27,'06-05-2022',60);
INSERT INTO "trades" VALUES (61,2,27,'21-05-2022',61);
INSERT INTO "trades" VALUES (62,2,26,'13-07-2022',62);
INSERT INTO "trades" VALUES (63,2,22,'22-09-2022',63);
INSERT INTO "trades" VALUES (64,2,29,'07-09-2022',64);
INSERT INTO "trades" VALUES (65,2,29,'09-07-2022',65);
INSERT INTO "trades" VALUES (66,2,22,'05-07-2022',66);
INSERT INTO "trades" VALUES (67,2,25,'12-04-2022',67);
INSERT INTO "trades" VALUES (68,2,21,'24-05-2022',68);
INSERT INTO "trades" VALUES (69,2,25,'16-03-2022',69);
INSERT INTO "trades" VALUES (70,2,26,'07-05-2022',70);
INSERT INTO "trades" VALUES (71,2,24,'21-07-2022',71);
INSERT INTO "trades" VALUES (72,2,28,'06-03-2022',72);
INSERT INTO "trades" VALUES (73,2,28,'08-10-2022',73);
INSERT INTO "trades" VALUES (74,2,21,'27-09-2022',74);
INSERT INTO "trades" VALUES (75,2,26,'10-10-2022',75);
INSERT INTO "trades" VALUES (76,2,22,'02-04-2022',76);
INSERT INTO "trades" VALUES (77,2,29,'30-07-2022',77);
INSERT INTO "trades" VALUES (78,2,23,'25-08-2022',78);
INSERT INTO "trades" VALUES (79,2,20,'18-09-2022',79);
INSERT INTO "trades" VALUES (80,2,21,'14-07-2022',80);
INSERT INTO "trades" VALUES (81,2,28,'13-09-2022',81);
INSERT INTO "trades" VALUES (82,2,30,'23-09-2022',82);
INSERT INTO "trades" VALUES (83,2,27,'22-09-2022',83);
INSERT INTO "trades" VALUES (84,2,29,'16-04-2022',84);
INSERT INTO "trades" VALUES (85,2,21,'23-08-2022',85);
INSERT INTO "trades" VALUES (86,2,29,'05-09-2022',86);
INSERT INTO "trades" VALUES (87,2,24,'13-03-2022',87);
INSERT INTO "trades" VALUES (88,2,23,'04-09-2022',88);
INSERT INTO "trades" VALUES (89,2,29,'06-04-2022',89);
INSERT INTO "trades" VALUES (90,2,23,'02-10-2022',90);
INSERT INTO "trades" VALUES (91,2,27,'02-05-2022',91);
INSERT INTO "trades" VALUES (92,2,23,'10-06-2022',92);
INSERT INTO "trades" VALUES (93,2,29,'10-07-2022',93);
INSERT INTO "trades" VALUES (94,2,21,'01-07-2022',94);
INSERT INTO "trades" VALUES (95,2,21,'30-08-2022',95);
INSERT INTO "trades" VALUES (96,2,24,'24-09-2022',96);
INSERT INTO "trades" VALUES (97,2,25,'13-03-2022',97);
INSERT INTO "trades" VALUES (98,2,23,'15-04-2022',98);
INSERT INTO "trades" VALUES (99,2,21,'13-09-2022',99);
INSERT INTO "trades" VALUES (100,2,21,'29-09-2022',100);
INSERT INTO "trades" VALUES (101,2,24,'22-08-2022',101);
INSERT INTO "trades" VALUES (102,2,24,'03-10-2022',102);
INSERT INTO "trades" VALUES (103,2,22,'14-07-2022',103);
INSERT INTO "trades" VALUES (104,2,20,'04-04-2022',104);
INSERT INTO "trades" VALUES (105,2,26,'06-03-2022',105);
INSERT INTO "trades" VALUES (106,2,24,'04-07-2022',106);
INSERT INTO "trades" VALUES (107,2,26,'22-08-2022',107);
INSERT INTO "trades" VALUES (108,2,23,'07-09-2022',108);
INSERT INTO "trades" VALUES (109,2,29,'20-04-2022',109);
INSERT INTO "trades" VALUES (110,2,27,'24-05-2022',110);
INSERT INTO "trades" VALUES (111,2,27,'10-07-2022',111);
INSERT INTO "trades" VALUES (112,2,30,'27-09-2022',112);
INSERT INTO "trades" VALUES (113,2,30,'09-03-2022',113);
INSERT INTO "trades" VALUES (114,2,23,'13-08-2022',114);
INSERT INTO "trades" VALUES (115,2,27,'13-03-2022',115);
INSERT INTO "trades" VALUES (116,2,21,'17-04-2022',116);
INSERT INTO "trades" VALUES (117,2,22,'10-09-2022',117);
INSERT INTO "trades" VALUES (118,2,29,'06-03-2022',118);
INSERT INTO "trades" VALUES (119,2,20,'02-03-2022',119);
INSERT INTO "trades" VALUES (120,2,22,'11-05-2022',120);
INSERT INTO "trades" VALUES (121,2,30,'21-05-2022',121);
INSERT INTO "trades" VALUES (122,2,26,'24-05-2022',122);
INSERT INTO "trades" VALUES (123,2,23,'29-09-2022',123);
INSERT INTO "trades" VALUES (124,2,21,'20-08-2022',124);
INSERT INTO "trades" VALUES (125,2,29,'15-04-2022',125);
INSERT INTO "trades" VALUES (126,2,28,'15-03-2022',126);
INSERT INTO "trades" VALUES (127,2,24,'20-09-2022',127);
INSERT INTO "trades" VALUES (128,2,23,'26-04-2022',128);
INSERT INTO "trades" VALUES (129,2,24,'26-07-2022',129);
INSERT INTO "trades" VALUES (130,2,27,'13-06-2022',130);
INSERT INTO "trades" VALUES (131,2,25,'09-05-2022',131);
INSERT INTO "trades" VALUES (132,2,29,'01-09-2022',132);
INSERT INTO "trades" VALUES (133,2,26,'01-10-2022',133);
INSERT INTO "trades" VALUES (134,2,24,'09-07-2022',134);
INSERT INTO "trades" VALUES (135,2,23,'13-09-2022',135);
INSERT INTO "trades" VALUES (136,2,22,'20-06-2022',136);
INSERT INTO "trades" VALUES (137,2,22,'18-09-2022',137);
INSERT INTO "trades" VALUES (138,2,21,'06-04-2022',138);
INSERT INTO "trades" VALUES (139,2,28,'07-04-2022',139);
INSERT INTO "trades" VALUES (140,2,24,'13-06-2022',140);
INSERT INTO "trades" VALUES (141,2,26,'06-05-2022',141);
INSERT INTO "trades" VALUES (142,2,27,'21-10-2022',142);
INSERT INTO "trades" VALUES (143,2,21,'26-07-2022',143);
INSERT INTO "trades" VALUES (144,2,24,'16-06-2022',144);
INSERT INTO "trades" VALUES (145,2,23,'24-04-2022',145);
INSERT INTO "trades" VALUES (146,2,24,'07-09-2022',146);
INSERT INTO "trades" VALUES (147,2,27,'19-08-2022',147);
INSERT INTO "trades" VALUES (148,2,26,'24-07-2022',148);
INSERT INTO "trades" VALUES (149,2,22,'20-06-2022',149);
INSERT INTO "trades" VALUES (150,2,27,'11-09-2022',150);
INSERT INTO "trades" VALUES (151,2,30,'30-03-2022',151);
INSERT INTO "trades" VALUES (152,2,22,'26-06-2022',152);
INSERT INTO "trades" VALUES (153,2,26,'30-06-2022',153);
INSERT INTO "trades" VALUES (154,2,25,'29-03-2022',154);
INSERT INTO "trades" VALUES (155,2,24,'15-05-2022',155);
INSERT INTO "trades" VALUES (156,2,29,'20-09-2022',156);
INSERT INTO "trades" VALUES (157,2,27,'30-04-2022',157);
INSERT INTO "trades" VALUES (158,2,28,'16-09-2022',158);
INSERT INTO "trades" VALUES (159,2,21,'30-05-2022',159);
INSERT INTO "trades" VALUES (160,2,27,'16-07-2022',160);
INSERT INTO "trades" VALUES (161,2,30,'02-06-2022',161);
INSERT INTO "trades" VALUES (162,2,21,'18-07-2022',162);
INSERT INTO "trades" VALUES (163,2,29,'26-06-2022',163);
INSERT INTO "trades" VALUES (164,2,25,'30-06-2022',164);
INSERT INTO "trades" VALUES (165,2,25,'09-04-2022',165);
INSERT INTO "trades" VALUES (166,2,22,'13-05-2022',166);
INSERT INTO "trades" VALUES (167,2,27,'10-05-2022',167);
INSERT INTO "trades" VALUES (168,2,21,'22-05-2022',168);
INSERT INTO "trades" VALUES (169,2,26,'21-09-2022',169);
INSERT INTO "trades" VALUES (170,2,21,'05-05-2022',170);
INSERT INTO "trades" VALUES (171,2,26,'05-05-2022',171);
INSERT INTO "trades" VALUES (172,2,22,'04-06-2022',172);
INSERT INTO "trades" VALUES (173,2,30,'20-05-2022',173);
INSERT INTO "trades" VALUES (174,2,27,'12-09-2022',174);
INSERT INTO "trades" VALUES (175,2,21,'10-07-2022',175);
INSERT INTO "trades" VALUES (176,2,22,'01-08-2022',176);
INSERT INTO "trades" VALUES (177,2,21,'28-03-2022',177);
INSERT INTO "trades" VALUES (178,2,21,'18-05-2022',178);
INSERT INTO "trades" VALUES (179,2,23,'25-06-2022',179);
INSERT INTO "trades" VALUES (180,2,26,'07-03-2022',180);
INSERT INTO "trades" VALUES (181,2,23,'04-08-2022',181);
INSERT INTO "trades" VALUES (182,2,20,'22-04-2022',182);
INSERT INTO "trades" VALUES (183,2,29,'06-05-2022',183);
INSERT INTO "trades" VALUES (184,2,20,'05-03-2022',184);
INSERT INTO "trades" VALUES (185,2,22,'02-10-2022',185);
INSERT INTO "trades" VALUES (186,2,28,'21-06-2022',186);
INSERT INTO "trades" VALUES (187,2,22,'17-09-2022',187);
INSERT INTO "trades" VALUES (188,2,23,'11-08-2022',188);
INSERT INTO "trades" VALUES (189,2,25,'08-03-2022',189);
INSERT INTO "trades" VALUES (190,2,23,'23-04-2022',190);
INSERT INTO "trades" VALUES (191,2,22,'02-10-2022',191);
INSERT INTO "trades" VALUES (192,2,26,'12-05-2022',192);
INSERT INTO "trades" VALUES (193,2,25,'05-06-2022',193);
INSERT INTO "trades" VALUES (194,2,29,'25-03-2022',194);
INSERT INTO "trades" VALUES (195,2,22,'02-10-2022',195);
INSERT INTO "trades" VALUES (196,2,28,'24-03-2022',196);
INSERT INTO "trades" VALUES (197,2,28,'01-08-2022',197);
INSERT INTO "trades" VALUES (198,2,29,'17-10-2022',198);
INSERT INTO "trades" VALUES (199,2,29,'21-03-2022',199);
INSERT INTO "trades" VALUES (200,2,28,'01-03-2022',200);
INSERT INTO "trades" VALUES (201,2,28,'22-07-2022',201);
INSERT INTO "trades" VALUES (202,2,22,'06-05-2022',202);
INSERT INTO "trades" VALUES (203,1,9,'17-08-2022',1);
INSERT INTO "trades" VALUES (204,1,8,'26-04-2022',2);
INSERT INTO "trades" VALUES (205,1,8,'05-09-2022',3);
INSERT INTO "trades" VALUES (206,1,2,'10-09-2022',4);
INSERT INTO "trades" VALUES (207,1,7,'17-07-2022',5);
INSERT INTO "trades" VALUES (208,1,3,'10-07-2022',6);
INSERT INTO "trades" VALUES (209,1,6,'16-03-2022',7);
INSERT INTO "trades" VALUES (210,1,2,'07-04-2022',8);
INSERT INTO "trades" VALUES (211,1,9,'11-04-2022',9);
INSERT INTO "trades" VALUES (212,1,10,'20-04-2022',10);
INSERT INTO "trades" VALUES (213,1,1,'07-07-2022',11);
INSERT INTO "trades" VALUES (214,1,7,'04-07-2022',12);
INSERT INTO "trades" VALUES (215,1,5,'13-06-2022',13);
INSERT INTO "trades" VALUES (216,1,6,'02-08-2022',14);
INSERT INTO "trades" VALUES (217,1,7,'27-05-2022',15);
INSERT INTO "trades" VALUES (218,1,2,'24-07-2022',16);
INSERT INTO "trades" VALUES (219,1,2,'28-05-2022',17);
INSERT INTO "trades" VALUES (220,1,4,'06-10-2022',18);
INSERT INTO "trades" VALUES (221,1,2,'14-03-2022',19);
INSERT INTO "trades" VALUES (222,1,1,'28-08-2022',20);
INSERT INTO "trades" VALUES (223,1,3,'13-10-2022',21);
INSERT INTO "trades" VALUES (224,1,7,'28-07-2022',22);
INSERT INTO "trades" VALUES (225,1,8,'04-03-2022',23);
INSERT INTO "trades" VALUES (226,1,5,'11-06-2022',24);
INSERT INTO "trades" VALUES (227,1,3,'02-06-2022',25);
INSERT INTO "trades" VALUES (228,1,4,'18-03-2022',26);
INSERT INTO "trades" VALUES (229,1,6,'26-09-2022',27);
INSERT INTO "trades" VALUES (230,1,2,'18-08-2022',28);
INSERT INTO "trades" VALUES (231,1,4,'28-05-2022',29);
INSERT INTO "trades" VALUES (232,1,3,'23-07-2022',30);
INSERT INTO "trades" VALUES (233,1,5,'19-05-2022',31);
INSERT INTO "trades" VALUES (234,1,3,'10-06-2022',32);
INSERT INTO "trades" VALUES (235,1,5,'12-10-2022',33);
INSERT INTO "trades" VALUES (236,1,8,'20-08-2022',34);
INSERT INTO "trades" VALUES (237,1,4,'09-05-2022',35);
INSERT INTO "trades" VALUES (238,1,7,'03-06-2022',36);
INSERT INTO "trades" VALUES (239,1,3,'04-04-2022',37);
INSERT INTO "trades" VALUES (240,1,1,'30-07-2022',38);
INSERT INTO "trades" VALUES (241,1,9,'20-09-2022',39);
INSERT INTO "trades" VALUES (242,1,6,'18-07-2022',40);
INSERT INTO "trades" VALUES (243,1,10,'06-09-2022',41);
INSERT INTO "trades" VALUES (244,1,1,'31-05-2022',42);
INSERT INTO "trades" VALUES (245,1,6,'15-07-2022',43);
INSERT INTO "trades" VALUES (246,1,2,'09-03-2022',44);
INSERT INTO "trades" VALUES (247,1,9,'05-09-2022',45);
INSERT INTO "trades" VALUES (248,1,4,'30-09-2022',46);
INSERT INTO "trades" VALUES (249,1,1,'03-06-2022',47);
INSERT INTO "trades" VALUES (250,1,6,'20-10-2022',48);
INSERT INTO "trades" VALUES (251,1,7,'04-04-2022',49);
INSERT INTO "trades" VALUES (252,1,2,'19-07-2022',50);
INSERT INTO "trades" VALUES (253,1,3,'21-07-2022',51);
INSERT INTO "trades" VALUES (254,1,7,'06-05-2022',52);
INSERT INTO "trades" VALUES (255,1,3,'07-04-2022',53);
INSERT INTO "trades" VALUES (256,1,5,'28-03-2022',54);
INSERT INTO "trades" VALUES (257,1,5,'11-06-2022',55);
INSERT INTO "trades" VALUES (258,1,5,'08-10-2022',56);
INSERT INTO "trades" VALUES (259,1,2,'04-09-2022',57);
INSERT INTO "trades" VALUES (260,1,8,'20-03-2022',58);
INSERT INTO "trades" VALUES (261,1,1,'08-09-2022',59);
INSERT INTO "trades" VALUES (262,1,2,'23-04-2022',60);
INSERT INTO "trades" VALUES (263,1,7,'10-04-2022',61);
INSERT INTO "trades" VALUES (264,1,7,'28-04-2022',62);
INSERT INTO "trades" VALUES (265,1,3,'27-05-2022',63);
INSERT INTO "trades" VALUES (266,1,9,'02-09-2022',64);
INSERT INTO "trades" VALUES (267,1,7,'04-10-2022',65);
INSERT INTO "trades" VALUES (268,1,8,'05-06-2022',66);
INSERT INTO "trades" VALUES (269,1,9,'19-07-2022',67);
INSERT INTO "trades" VALUES (270,1,6,'23-07-2022',68);
INSERT INTO "trades" VALUES (271,1,5,'25-07-2022',69);
INSERT INTO "trades" VALUES (272,1,6,'01-05-2022',70);
INSERT INTO "trades" VALUES (273,1,4,'08-07-2022',71);
INSERT INTO "trades" VALUES (274,1,4,'22-04-2022',72);
INSERT INTO "trades" VALUES (275,1,6,'25-09-2022',73);
INSERT INTO "trades" VALUES (276,1,4,'31-03-2022',74);
INSERT INTO "trades" VALUES (277,1,4,'18-07-2022',75);
INSERT INTO "trades" VALUES (278,1,7,'10-06-2022',76);
INSERT INTO "trades" VALUES (279,1,4,'04-07-2022',77);
INSERT INTO "trades" VALUES (280,1,9,'23-10-2022',78);
INSERT INTO "trades" VALUES (281,1,8,'25-08-2022',79);
INSERT INTO "trades" VALUES (282,1,4,'12-06-2022',80);
INSERT INTO "trades" VALUES (283,1,6,'16-10-2022',81);
INSERT INTO "trades" VALUES (284,1,5,'26-08-2022',82);
INSERT INTO "trades" VALUES (285,1,6,'19-09-2022',83);
INSERT INTO "trades" VALUES (286,1,6,'04-10-2022',84);
INSERT INTO "trades" VALUES (287,1,4,'10-06-2022',85);
INSERT INTO "trades" VALUES (288,1,10,'27-10-2022',86);
INSERT INTO "trades" VALUES (289,1,9,'13-09-2022',87);
INSERT INTO "trades" VALUES (290,1,3,'09-03-2022',88);
INSERT INTO "trades" VALUES (291,1,4,'15-08-2022',89);
INSERT INTO "trades" VALUES (292,1,5,'20-08-2022',90);
INSERT INTO "trades" VALUES (293,1,8,'07-08-2022',91);
INSERT INTO "trades" VALUES (294,1,2,'24-03-2022',92);
INSERT INTO "trades" VALUES (295,1,4,'15-03-2022',93);
INSERT INTO "trades" VALUES (296,1,7,'27-03-2022',94);
INSERT INTO "trades" VALUES (297,1,4,'13-03-2022',95);
INSERT INTO "trades" VALUES (298,1,4,'10-05-2022',96);
INSERT INTO "trades" VALUES (299,1,3,'16-10-2022',97);
INSERT INTO "trades" VALUES (300,1,4,'18-09-2022',98);
INSERT INTO "trades" VALUES (301,1,7,'04-08-2022',99);
INSERT INTO "trades" VALUES (302,1,2,'22-03-2022',100);
INSERT INTO "trades" VALUES (303,1,5,'26-07-2022',101);
INSERT INTO "trades" VALUES (304,1,3,'03-06-2022',102);
INSERT INTO "trades" VALUES (305,1,2,'06-10-2022',103);
INSERT INTO "trades" VALUES (306,1,6,'05-10-2022',104);
INSERT INTO "trades" VALUES (307,1,4,'15-07-2022',105);
INSERT INTO "trades" VALUES (308,1,7,'30-07-2022',106);
INSERT INTO "trades" VALUES (309,1,7,'19-06-2022',107);
INSERT INTO "trades" VALUES (310,1,8,'16-05-2022',108);
INSERT INTO "trades" VALUES (311,1,7,'02-05-2022',109);
INSERT INTO "trades" VALUES (312,1,9,'22-04-2022',110);
INSERT INTO "trades" VALUES (313,1,7,'15-05-2022',111);
INSERT INTO "trades" VALUES (314,1,1,'31-05-2022',112);
INSERT INTO "trades" VALUES (315,1,4,'20-05-2022',113);
INSERT INTO "trades" VALUES (316,1,9,'22-05-2022',114);
INSERT INTO "trades" VALUES (317,1,2,'13-10-2022',115);
INSERT INTO "trades" VALUES (318,1,10,'05-03-2022',116);
INSERT INTO "trades" VALUES (319,1,3,'28-07-2022',117);
INSERT INTO "trades" VALUES (320,1,3,'30-03-2022',118);
INSERT INTO "trades" VALUES (321,1,1,'20-04-2022',119);
INSERT INTO "trades" VALUES (322,1,4,'12-05-2022',120);
INSERT INTO "trades" VALUES (323,1,5,'11-05-2022',121);
INSERT INTO "trades" VALUES (324,1,9,'01-10-2022',122);
INSERT INTO "trades" VALUES (325,1,7,'20-09-2022',123);
INSERT INTO "trades" VALUES (326,1,8,'11-09-2022',124);
INSERT INTO "trades" VALUES (327,1,9,'18-08-2022',125);
INSERT INTO "trades" VALUES (328,1,2,'19-04-2022',126);
INSERT INTO "trades" VALUES (329,1,7,'27-08-2022',127);
INSERT INTO "trades" VALUES (330,1,3,'16-09-2022',128);
INSERT INTO "trades" VALUES (331,1,6,'05-09-2022',129);
INSERT INTO "trades" VALUES (332,1,6,'25-04-2022',130);
INSERT INTO "trades" VALUES (333,1,8,'11-10-2022',131);
INSERT INTO "trades" VALUES (334,1,10,'31-03-2022',132);
INSERT INTO "trades" VALUES (335,1,4,'23-09-2022',133);
INSERT INTO "trades" VALUES (336,1,3,'19-06-2022',134);
INSERT INTO "trades" VALUES (337,1,8,'03-08-2022',135);
INSERT INTO "trades" VALUES (338,1,3,'07-08-2022',136);
INSERT INTO "trades" VALUES (339,1,3,'07-04-2022',137);
INSERT INTO "trades" VALUES (340,1,7,'08-08-2022',138);
INSERT INTO "trades" VALUES (341,1,4,'05-09-2022',139);
INSERT INTO "trades" VALUES (342,1,8,'08-08-2022',140);
INSERT INTO "trades" VALUES (343,1,3,'22-05-2022',141);
INSERT INTO "trades" VALUES (344,1,10,'28-05-2022',142);
INSERT INTO "trades" VALUES (345,1,10,'26-06-2022',143);
INSERT INTO "trades" VALUES (346,1,6,'01-04-2022',144);
INSERT INTO "trades" VALUES (347,1,1,'18-07-2022',145);
INSERT INTO "trades" VALUES (348,1,1,'16-04-2022',146);
INSERT INTO "trades" VALUES (349,1,4,'26-05-2022',147);
INSERT INTO "trades" VALUES (350,1,9,'18-05-2022',148);
INSERT INTO "trades" VALUES (351,1,8,'30-04-2022',149);
INSERT INTO "trades" VALUES (352,1,6,'28-04-2022',150);
INSERT INTO "trades" VALUES (353,1,9,'13-05-2022',151);
INSERT INTO "trades" VALUES (354,1,7,'10-06-2022',152);
INSERT INTO "trades" VALUES (355,1,10,'21-10-2022',153);
INSERT INTO "trades" VALUES (356,1,3,'05-05-2022',154);
INSERT INTO "trades" VALUES (357,1,10,'07-05-2022',155);
INSERT INTO "trades" VALUES (358,1,10,'05-06-2022',156);
INSERT INTO "trades" VALUES (359,1,3,'29-06-2022',157);
INSERT INTO "trades" VALUES (360,1,10,'11-07-2022',158);
INSERT INTO "trades" VALUES (361,1,6,'21-10-2022',159);
INSERT INTO "trades" VALUES (362,1,4,'29-08-2022',160);
INSERT INTO "trades" VALUES (363,1,9,'13-08-2022',161);
INSERT INTO "trades" VALUES (364,1,9,'27-03-2022',162);
INSERT INTO "trades" VALUES (365,1,5,'16-08-2022',163);
INSERT INTO "trades" VALUES (366,1,5,'14-04-2022',164);
INSERT INTO "trades" VALUES (367,1,2,'16-10-2022',165);
INSERT INTO "trades" VALUES (368,1,7,'27-05-2022',166);
INSERT INTO "trades" VALUES (369,1,4,'26-07-2022',167);
INSERT INTO "trades" VALUES (370,1,4,'02-08-2022',168);
INSERT INTO "trades" VALUES (371,1,8,'08-09-2022',169);
INSERT INTO "trades" VALUES (372,1,10,'01-05-2022',170);
INSERT INTO "trades" VALUES (373,1,9,'13-10-2022',171);
INSERT INTO "trades" VALUES (374,1,10,'28-07-2022',172);
INSERT INTO "trades" VALUES (375,1,6,'21-07-2022',173);
INSERT INTO "trades" VALUES (376,1,3,'09-07-2022',174);
INSERT INTO "trades" VALUES (377,1,7,'14-09-2022',175);
INSERT INTO "trades" VALUES (378,1,10,'28-06-2022',176);
INSERT INTO "trades" VALUES (379,1,8,'10-08-2022',177);
INSERT INTO "trades" VALUES (380,1,7,'07-10-2022',178);
INSERT INTO "trades" VALUES (381,1,2,'31-08-2022',179);
INSERT INTO "trades" VALUES (382,1,3,'19-03-2022',180);
INSERT INTO "trades" VALUES (383,1,9,'19-05-2022',181);
INSERT INTO "trades" VALUES (384,1,7,'24-07-2022',182);
INSERT INTO "trades" VALUES (385,1,3,'04-09-2022',183);
INSERT INTO "trades" VALUES (386,1,5,'07-06-2022',184);
INSERT INTO "trades" VALUES (387,1,4,'23-04-2022',185);
INSERT INTO "trades" VALUES (388,1,4,'09-04-2022',186);
INSERT INTO "trades" VALUES (389,1,10,'11-09-2022',187);
INSERT INTO "trades" VALUES (390,1,6,'30-03-2022',188);
INSERT INTO "trades" VALUES (391,1,7,'12-03-2022',189);
INSERT INTO "trades" VALUES (392,1,7,'10-08-2022',190);
INSERT INTO "trades" VALUES (393,1,4,'15-04-2022',191);
INSERT INTO "trades" VALUES (394,1,9,'23-03-2022',192);
INSERT INTO "trades" VALUES (395,1,5,'02-09-2022',193);
INSERT INTO "trades" VALUES (396,1,2,'26-06-2022',194);
INSERT INTO "trades" VALUES (397,1,4,'27-09-2022',195);
INSERT INTO "trades" VALUES (398,1,5,'21-08-2022',196);
INSERT INTO "trades" VALUES (399,1,3,'17-05-2022',197);
INSERT INTO "trades" VALUES (400,1,5,'20-07-2022',198);
INSERT INTO "trades" VALUES (401,1,10,'25-10-2022',199);
INSERT INTO "trades" VALUES (402,1,4,'17-10-2022',200);
INSERT INTO "trades" VALUES (403,1,9,'03-10-2022',201);
INSERT INTO "trades" VALUES (404,1,8,'11-03-2022',202);
INSERT INTO "trades" VALUES (405,1,9,'07-07-2022',1);
INSERT INTO "trades" VALUES (406,1,9,'23-04-2022',2);
INSERT INTO "trades" VALUES (407,1,11,'15-09-2022',3);
INSERT INTO "trades" VALUES (408,1,6,'23-09-2022',4);
INSERT INTO "trades" VALUES (409,1,4,'06-07-2022',5);
INSERT INTO "trades" VALUES (410,1,6,'26-09-2022',6);
INSERT INTO "trades" VALUES (411,1,5,'20-04-2022',7);
INSERT INTO "trades" VALUES (412,1,2,'22-09-2022',8);
INSERT INTO "trades" VALUES (413,1,7,'17-08-2022',9);
INSERT INTO "trades" VALUES (414,1,10,'14-10-2022',10);
INSERT INTO "trades" VALUES (415,1,11,'01-05-2022',11);
INSERT INTO "trades" VALUES (416,1,9,'13-10-2022',12);
INSERT INTO "trades" VALUES (417,1,2,'03-09-2022',13);
INSERT INTO "trades" VALUES (418,1,10,'13-10-2022',14);
INSERT INTO "trades" VALUES (419,1,4,'23-06-2022',15);
INSERT INTO "trades" VALUES (420,1,5,'16-10-2022',16);
INSERT INTO "trades" VALUES (421,1,3,'17-06-2022',17);
INSERT INTO "trades" VALUES (422,1,7,'17-03-2022',18);
INSERT INTO "trades" VALUES (423,1,9,'31-08-2022',19);
INSERT INTO "trades" VALUES (424,1,5,'28-08-2022',20);
INSERT INTO "trades" VALUES (425,1,2,'23-05-2022',21);
INSERT INTO "trades" VALUES (426,1,5,'26-04-2022',22);
INSERT INTO "trades" VALUES (427,1,4,'01-04-2022',23);
INSERT INTO "trades" VALUES (428,1,4,'31-03-2022',24);
INSERT INTO "trades" VALUES (429,1,2,'18-05-2022',25);
INSERT INTO "trades" VALUES (430,1,9,'27-04-2022',26);
INSERT INTO "trades" VALUES (431,1,5,'29-06-2022',27);
INSERT INTO "trades" VALUES (432,1,11,'08-06-2022',28);
INSERT INTO "trades" VALUES (433,1,8,'27-04-2022',29);
INSERT INTO "trades" VALUES (434,1,9,'04-05-2022',30);
INSERT INTO "trades" VALUES (435,1,1,'17-08-2022',31);
INSERT INTO "trades" VALUES (436,1,11,'29-06-2022',32);
INSERT INTO "trades" VALUES (437,1,2,'08-08-2022',33);
INSERT INTO "trades" VALUES (438,1,6,'12-10-2022',34);
INSERT INTO "trades" VALUES (439,1,8,'20-07-2022',35);
INSERT INTO "trades" VALUES (440,1,2,'05-05-2022',36);
INSERT INTO "trades" VALUES (441,1,7,'12-03-2022',37);
INSERT INTO "trades" VALUES (442,1,4,'18-05-2022',38);
INSERT INTO "trades" VALUES (443,1,6,'11-08-2022',39);
INSERT INTO "trades" VALUES (444,1,7,'18-06-2022',40);
INSERT INTO "trades" VALUES (445,1,4,'09-10-2022',41);
INSERT INTO "trades" VALUES (446,1,3,'26-04-2022',42);
INSERT INTO "trades" VALUES (447,1,7,'27-05-2022',43);
INSERT INTO "trades" VALUES (448,1,7,'01-10-2022',44);
INSERT INTO "trades" VALUES (449,1,3,'06-09-2022',45);
INSERT INTO "trades" VALUES (450,1,10,'04-05-2022',46);
INSERT INTO "trades" VALUES (451,1,3,'11-06-2022',47);
INSERT INTO "trades" VALUES (452,1,6,'15-03-2022',48);
INSERT INTO "trades" VALUES (453,1,8,'22-05-2022',49);
INSERT INTO "trades" VALUES (454,1,8,'30-07-2022',50);
INSERT INTO "trades" VALUES (455,1,6,'13-07-2022',51);
INSERT INTO "trades" VALUES (456,1,9,'25-08-2022',52);
INSERT INTO "trades" VALUES (457,1,4,'01-05-2022',53);
INSERT INTO "trades" VALUES (458,1,3,'18-07-2022',54);
INSERT INTO "trades" VALUES (459,1,8,'12-10-2022',55);
INSERT INTO "trades" VALUES (460,1,8,'03-03-2022',56);
INSERT INTO "trades" VALUES (461,1,2,'27-08-2022',57);
INSERT INTO "trades" VALUES (462,1,7,'14-10-2022',58);
INSERT INTO "trades" VALUES (463,1,8,'23-09-2022',59);
INSERT INTO "trades" VALUES (464,1,9,'06-05-2022',60);
INSERT INTO "trades" VALUES (465,1,5,'29-06-2022',61);
INSERT INTO "trades" VALUES (466,1,6,'18-04-2022',62);
INSERT INTO "trades" VALUES (467,1,5,'27-10-2022',63);
INSERT INTO "trades" VALUES (468,1,3,'13-03-2022',64);
INSERT INTO "trades" VALUES (469,1,1,'01-10-2022',65);
INSERT INTO "trades" VALUES (470,1,5,'21-08-2022',66);
INSERT INTO "trades" VALUES (471,1,5,'12-07-2022',67);
INSERT INTO "trades" VALUES (472,1,2,'07-09-2022',68);
INSERT INTO "trades" VALUES (473,1,6,'30-05-2022',69);
INSERT INTO "trades" VALUES (474,1,1,'29-06-2022',70);
INSERT INTO "trades" VALUES (475,1,3,'14-08-2022',71);
INSERT INTO "trades" VALUES (476,1,7,'10-10-2022',72);
INSERT INTO "trades" VALUES (477,1,5,'17-10-2022',73);
INSERT INTO "trades" VALUES (478,1,8,'06-09-2022',74);
INSERT INTO "trades" VALUES (479,1,3,'09-05-2022',75);
INSERT INTO "trades" VALUES (480,1,7,'22-06-2022',76);
INSERT INTO "trades" VALUES (481,1,8,'24-05-2022',77);
INSERT INTO "trades" VALUES (482,1,3,'04-05-2022',78);
INSERT INTO "trades" VALUES (483,1,8,'09-06-2022',79);
INSERT INTO "trades" VALUES (484,1,9,'23-03-2022',80);
INSERT INTO "trades" VALUES (485,1,8,'24-03-2022',81);
INSERT INTO "trades" VALUES (486,1,3,'30-09-2022',82);
INSERT INTO "trades" VALUES (487,1,10,'11-03-2022',83);
INSERT INTO "trades" VALUES (488,1,10,'20-10-2022',84);
INSERT INTO "trades" VALUES (489,1,4,'14-04-2022',85);
INSERT INTO "trades" VALUES (490,1,10,'07-06-2022',86);
INSERT INTO "trades" VALUES (491,1,6,'28-08-2022',87);
INSERT INTO "trades" VALUES (492,1,10,'30-08-2022',88);
INSERT INTO "trades" VALUES (493,1,5,'12-05-2022',89);
INSERT INTO "trades" VALUES (494,1,10,'20-08-2022',90);
INSERT INTO "trades" VALUES (495,1,5,'19-08-2022',91);
INSERT INTO "trades" VALUES (496,1,5,'12-10-2022',92);
INSERT INTO "trades" VALUES (497,1,5,'01-09-2022',93);
INSERT INTO "trades" VALUES (498,1,6,'01-03-2022',94);
INSERT INTO "trades" VALUES (499,1,2,'25-07-2022',95);
INSERT INTO "trades" VALUES (500,1,10,'03-04-2022',96);
INSERT INTO "trades" VALUES (501,1,6,'22-04-2022',97);
INSERT INTO "trades" VALUES (502,1,9,'18-07-2022',98);
INSERT INTO "trades" VALUES (503,1,2,'30-03-2022',99);
INSERT INTO "trades" VALUES (504,1,11,'09-10-2022',100);
INSERT INTO "trades" VALUES (505,1,3,'15-03-2022',101);
INSERT INTO "trades" VALUES (506,1,3,'06-03-2022',102);
INSERT INTO "trades" VALUES (507,1,3,'04-10-2022',103);
INSERT INTO "trades" VALUES (508,1,2,'01-07-2022',104);
INSERT INTO "trades" VALUES (509,1,6,'28-10-2022',105);
INSERT INTO "trades" VALUES (510,1,10,'08-03-2022',106);
INSERT INTO "trades" VALUES (511,1,7,'22-03-2022',107);
INSERT INTO "trades" VALUES (512,1,4,'23-09-2022',108);
INSERT INTO "trades" VALUES (513,1,8,'05-04-2022',109);
INSERT INTO "trades" VALUES (514,1,4,'30-07-2022',110);
INSERT INTO "trades" VALUES (515,1,7,'05-10-2022',111);
INSERT INTO "trades" VALUES (516,1,9,'29-06-2022',112);
INSERT INTO "trades" VALUES (517,1,10,'02-07-2022',113);
INSERT INTO "trades" VALUES (518,1,3,'13-07-2022',114);
INSERT INTO "trades" VALUES (519,1,4,'07-03-2022',115);
INSERT INTO "trades" VALUES (520,1,8,'02-04-2022',116);
INSERT INTO "trades" VALUES (521,1,11,'02-10-2022',117);
INSERT INTO "trades" VALUES (522,1,2,'28-05-2022',118);
INSERT INTO "trades" VALUES (523,1,7,'30-03-2022',119);
INSERT INTO "trades" VALUES (524,1,11,'30-04-2022',120);
INSERT INTO "trades" VALUES (525,1,8,'12-08-2022',121);
INSERT INTO "trades" VALUES (526,1,4,'27-08-2022',122);
INSERT INTO "trades" VALUES (527,1,11,'28-07-2022',123);
INSERT INTO "trades" VALUES (528,1,1,'04-05-2022',124);
INSERT INTO "trades" VALUES (529,1,8,'05-03-2022',125);
INSERT INTO "trades" VALUES (530,1,9,'09-10-2022',126);
INSERT INTO "trades" VALUES (531,1,3,'04-07-2022',127);
INSERT INTO "trades" VALUES (532,1,3,'07-05-2022',128);
INSERT INTO "trades" VALUES (533,1,10,'04-10-2022',129);
INSERT INTO "trades" VALUES (534,1,11,'08-07-2022',130);
INSERT INTO "trades" VALUES (535,1,1,'05-08-2022',131);
INSERT INTO "trades" VALUES (536,1,4,'07-10-2022',132);
INSERT INTO "trades" VALUES (537,1,9,'01-05-2022',133);
INSERT INTO "trades" VALUES (538,1,2,'11-10-2022',134);
INSERT INTO "trades" VALUES (539,1,9,'22-10-2022',135);
INSERT INTO "trades" VALUES (540,1,8,'05-04-2022',136);
INSERT INTO "trades" VALUES (541,1,11,'24-03-2022',137);
INSERT INTO "trades" VALUES (542,1,2,'02-05-2022',138);
INSERT INTO "trades" VALUES (543,1,7,'15-10-2022',139);
INSERT INTO "trades" VALUES (544,1,7,'21-10-2022',140);
INSERT INTO "trades" VALUES (545,1,2,'31-03-2022',141);
INSERT INTO "trades" VALUES (546,1,6,'19-09-2022',142);
INSERT INTO "trades" VALUES (547,1,1,'21-10-2022',143);
INSERT INTO "trades" VALUES (548,1,10,'04-04-2022',144);
INSERT INTO "trades" VALUES (549,1,5,'22-08-2022',145);
INSERT INTO "trades" VALUES (550,1,10,'25-08-2022',146);
INSERT INTO "trades" VALUES (551,1,11,'05-08-2022',147);
INSERT INTO "trades" VALUES (552,1,5,'15-08-2022',148);
INSERT INTO "trades" VALUES (553,1,2,'08-07-2022',149);
INSERT INTO "trades" VALUES (554,1,3,'20-08-2022',150);
INSERT INTO "trades" VALUES (555,1,11,'21-06-2022',151);
INSERT INTO "trades" VALUES (556,1,7,'23-04-2022',152);
INSERT INTO "trades" VALUES (557,1,8,'02-08-2022',153);
INSERT INTO "trades" VALUES (558,1,6,'18-05-2022',154);
INSERT INTO "trades" VALUES (559,1,5,'05-03-2022',155);
INSERT INTO "trades" VALUES (560,1,10,'01-04-2022',156);
INSERT INTO "trades" VALUES (561,1,5,'30-03-2022',157);
INSERT INTO "trades" VALUES (562,1,4,'28-06-2022',158);
INSERT INTO "trades" VALUES (563,1,2,'14-08-2022',159);
INSERT INTO "trades" VALUES (564,1,4,'14-06-2022',160);
INSERT INTO "trades" VALUES (565,1,1,'26-10-2022',161);
INSERT INTO "trades" VALUES (566,1,10,'02-04-2022',162);
INSERT INTO "trades" VALUES (567,1,5,'13-08-2022',163);
INSERT INTO "trades" VALUES (568,1,6,'17-10-2022',164);
INSERT INTO "trades" VALUES (569,1,3,'23-03-2022',165);
INSERT INTO "trades" VALUES (570,1,2,'07-08-2022',166);
INSERT INTO "trades" VALUES (571,1,3,'02-04-2022',167);
INSERT INTO "trades" VALUES (572,1,10,'14-04-2022',168);
INSERT INTO "trades" VALUES (573,1,9,'01-07-2022',169);
INSERT INTO "trades" VALUES (574,1,7,'15-05-2022',170);
INSERT INTO "trades" VALUES (575,1,5,'08-09-2022',171);
INSERT INTO "trades" VALUES (576,1,4,'20-08-2022',172);
INSERT INTO "trades" VALUES (577,1,1,'25-06-2022',173);
INSERT INTO "trades" VALUES (578,1,3,'21-07-2022',174);
INSERT INTO "trades" VALUES (579,1,1,'27-05-2022',175);
INSERT INTO "trades" VALUES (580,1,5,'16-03-2022',176);
INSERT INTO "trades" VALUES (581,1,3,'02-04-2022',177);
INSERT INTO "trades" VALUES (582,1,2,'22-07-2022',178);
INSERT INTO "trades" VALUES (583,1,1,'17-09-2022',179);
INSERT INTO "trades" VALUES (584,1,3,'16-09-2022',180);
INSERT INTO "trades" VALUES (585,1,1,'24-05-2022',181);
INSERT INTO "trades" VALUES (586,1,4,'13-07-2022',182);
INSERT INTO "trades" VALUES (587,1,8,'26-08-2022',183);
INSERT INTO "trades" VALUES (588,1,10,'22-03-2022',184);
INSERT INTO "trades" VALUES (589,1,6,'24-04-2022',185);
INSERT INTO "trades" VALUES (590,1,5,'30-09-2022',186);
INSERT INTO "trades" VALUES (591,1,2,'27-05-2022',187);
INSERT INTO "trades" VALUES (592,1,11,'18-09-2022',188);
INSERT INTO "trades" VALUES (593,1,3,'15-05-2022',189);
INSERT INTO "trades" VALUES (594,1,2,'14-07-2022',190);
INSERT INTO "trades" VALUES (595,1,3,'10-03-2022',191);
INSERT INTO "trades" VALUES (596,1,4,'05-04-2022',192);
INSERT INTO "trades" VALUES (597,1,2,'17-06-2022',193);
INSERT INTO "trades" VALUES (598,1,8,'15-04-2022',194);
INSERT INTO "trades" VALUES (599,1,4,'11-05-2022',195);
INSERT INTO "trades" VALUES (600,1,11,'25-08-2022',196);
INSERT INTO "trades" VALUES (601,1,5,'30-03-2022',197);
INSERT INTO "trades" VALUES (602,1,8,'07-03-2022',198);
INSERT INTO "trades" VALUES (603,1,1,'25-07-2022',199);
INSERT INTO "trades" VALUES (604,1,8,'30-06-2022',200);
INSERT INTO "trades" VALUES (605,1,5,'04-06-2022',201);
INSERT INTO "trades" VALUES (606,1,4,'13-09-2022',202);
INSERT INTO "compositions" VALUES (1,3,'phobic dead');
INSERT INTO "compositions" VALUES (2,3,'fireman pleasure');
INSERT INTO "compositions" VALUES (3,9,'rain blood');
INSERT INTO "compositions" VALUES (4,14,'gun respect angry');
INSERT INTO "compositions" VALUES (5,11,'dead fine elastic');
INSERT INTO "compositions" VALUES (6,8,'show health');
INSERT INTO "compositions" VALUES (7,7,'lizards moon juice');
INSERT INTO "compositions" VALUES (8,5,'nosy spotted');
INSERT INTO "compositions" VALUES (9,5,'spotted well-made');
INSERT INTO "compositions" VALUES (10,5,'moon juice');
INSERT INTO "compositions" VALUES (11,6,'crush freeze');
INSERT INTO "compositions" VALUES (12,11,'pleasure stretch discovery');
INSERT INTO "compositions" VALUES (13,11,'moon juice gun');
INSERT INTO "compositions" VALUES (14,6,'respect rhythm lizards');
INSERT INTO "compositions" VALUES (15,1,'pleasure stretch discovery');
INSERT INTO "compositions" VALUES (16,4,'fine elastic huge');
INSERT INTO "compositions" VALUES (17,7,'gun respect angry');
INSERT INTO "compositions" VALUES (18,11,'discovery cry');
INSERT INTO "compositions" VALUES (19,12,'sugar rain blood');
INSERT INTO "compositions" VALUES (20,11,'fine elastic');
INSERT INTO "compositions" VALUES (21,3,'fine elastic huge');
INSERT INTO "compositions" VALUES (22,11,'ill crush');
INSERT INTO "compositions" VALUES (23,2,'health straw');
INSERT INTO "compositions" VALUES (24,7,'elastic huge');
INSERT INTO "compositions" VALUES (25,9,'umbrella boats');
INSERT INTO "compositions" VALUES (26,4,'angry nosy');
INSERT INTO "compositions" VALUES (27,3,'lizards moon');
INSERT INTO "compositions" VALUES (28,3,'gun respect');
INSERT INTO "compositions" VALUES (29,11,'show health straw');
INSERT INTO "compositions" VALUES (30,15,'angry nosy');
INSERT INTO "compositions" VALUES (31,10,'underwear respect rhythm');
INSERT INTO "compositions" VALUES (32,11,'crack underwear');
INSERT INTO "compositions" VALUES (33,9,'respect angry nosy');
INSERT INTO "compositions" VALUES (34,2,'straw sugar');
INSERT INTO "compositions" VALUES (35,11,'angry nosy spotted');
INSERT INTO "compositions" VALUES (36,4,'blood arithmetic event');
INSERT INTO "compositions" VALUES (37,14,'moon juice gun');
INSERT INTO "compositions" VALUES (38,14,'stretch discovery cry');
INSERT INTO "compositions" VALUES (39,13,'rain blood arithmetic');
INSERT INTO "compositions" VALUES (40,3,'respect angry nosy');
INSERT INTO "compositions" VALUES (41,7,'ill crush freeze');
INSERT INTO "compositions" VALUES (42,4,'crack underwear respect');
INSERT INTO "compositions" VALUES (43,13,'blood arithmetic');
INSERT INTO "compositions" VALUES (44,2,'ill crush');
INSERT INTO "compositions" VALUES (45,13,'huge black-and-white ill');
INSERT INTO "compositions" VALUES (46,8,'dead fine');
INSERT INTO "compositions" VALUES (47,14,'shrill madly phobic');
INSERT INTO "compositions" VALUES (48,6,'cry show');
INSERT INTO "compositions" VALUES (49,15,'gun respect');
INSERT INTO "compositions" VALUES (50,3,'respect rhythm');
INSERT INTO "CD_compositions" VALUES (190,19);
INSERT INTO "CD_compositions" VALUES (142,10);
INSERT INTO "CD_compositions" VALUES (82,7);
INSERT INTO "CD_compositions" VALUES (145,38);
INSERT INTO "CD_compositions" VALUES (33,38);
INSERT INTO "CD_compositions" VALUES (64,28);
INSERT INTO "CD_compositions" VALUES (92,27);
INSERT INTO "CD_compositions" VALUES (136,15);
INSERT INTO "CD_compositions" VALUES (77,41);
INSERT INTO "CD_compositions" VALUES (99,39);
INSERT INTO "CD_compositions" VALUES (95,5);
INSERT INTO "CD_compositions" VALUES (193,41);
INSERT INTO "CD_compositions" VALUES (114,4);
INSERT INTO "CD_compositions" VALUES (111,40);
INSERT INTO "CD_compositions" VALUES (186,21);
INSERT INTO "CD_compositions" VALUES (101,28);
INSERT INTO "CD_compositions" VALUES (100,8);
INSERT INTO "CD_compositions" VALUES (19,17);
INSERT INTO "CD_compositions" VALUES (60,5);
INSERT INTO "CD_compositions" VALUES (84,21);
INSERT INTO "CD_compositions" VALUES (5,5);
INSERT INTO "CD_compositions" VALUES (36,12);
INSERT INTO "CD_compositions" VALUES (77,27);
INSERT INTO "CD_compositions" VALUES (134,47);
INSERT INTO "CD_compositions" VALUES (107,11);
INSERT INTO "CD_compositions" VALUES (112,10);
INSERT INTO "CD_compositions" VALUES (161,31);
INSERT INTO "CD_compositions" VALUES (97,50);
INSERT INTO "CD_compositions" VALUES (181,27);
INSERT INTO "CD_compositions" VALUES (22,31);
INSERT INTO "CD_compositions" VALUES (44,6);
INSERT INTO "CD_compositions" VALUES (17,22);
INSERT INTO "CD_compositions" VALUES (20,36);
INSERT INTO "CD_compositions" VALUES (71,49);
INSERT INTO "CD_compositions" VALUES (135,5);
INSERT INTO "CD_compositions" VALUES (2,19);
INSERT INTO "CD_compositions" VALUES (100,34);
INSERT INTO "CD_compositions" VALUES (29,7);
INSERT INTO "CD_compositions" VALUES (75,10);
INSERT INTO "CD_compositions" VALUES (113,29);
INSERT INTO "CD_compositions" VALUES (139,5);
INSERT INTO "CD_compositions" VALUES (29,38);
INSERT INTO "CD_compositions" VALUES (85,28);
INSERT INTO "CD_compositions" VALUES (157,46);
INSERT INTO "CD_compositions" VALUES (174,41);
INSERT INTO "CD_compositions" VALUES (106,30);
INSERT INTO "CD_compositions" VALUES (84,20);
INSERT INTO "CD_compositions" VALUES (171,46);
INSERT INTO "CD_compositions" VALUES (50,12);
INSERT INTO "CD_compositions" VALUES (114,48);
INSERT INTO "CD_compositions" VALUES (163,5);
INSERT INTO "CD_compositions" VALUES (24,6);
INSERT INTO "CD_compositions" VALUES (50,21);
INSERT INTO "CD_compositions" VALUES (20,33);
INSERT INTO "CD_compositions" VALUES (182,20);
INSERT INTO "CD_compositions" VALUES (17,17);
INSERT INTO "CD_compositions" VALUES (90,6);
INSERT INTO "CD_compositions" VALUES (135,34);
INSERT INTO "CD_compositions" VALUES (178,46);
INSERT INTO "CD_compositions" VALUES (76,8);
INSERT INTO "CD_compositions" VALUES (38,36);
INSERT INTO "CD_compositions" VALUES (150,30);
INSERT INTO "CD_compositions" VALUES (136,50);
INSERT INTO "CD_compositions" VALUES (23,33);
INSERT INTO "CD_compositions" VALUES (177,20);
INSERT INTO "CD_compositions" VALUES (140,31);
INSERT INTO "CD_compositions" VALUES (183,22);
INSERT INTO "CD_compositions" VALUES (53,11);
INSERT INTO "CD_compositions" VALUES (42,23);
INSERT INTO "CD_compositions" VALUES (91,14);
INSERT INTO "CD_compositions" VALUES (85,40);
INSERT INTO "CD_compositions" VALUES (154,11);
INSERT INTO "CD_compositions" VALUES (191,36);
INSERT INTO "CD_compositions" VALUES (14,37);
INSERT INTO "CD_compositions" VALUES (157,31);
INSERT INTO "CD_compositions" VALUES (120,20);
INSERT INTO "CD_compositions" VALUES (166,26);
INSERT INTO "CD_compositions" VALUES (179,22);
INSERT INTO "CD_compositions" VALUES (63,46);
INSERT INTO "CD_compositions" VALUES (180,1);
INSERT INTO "CD_compositions" VALUES (77,20);
INSERT INTO "CD_compositions" VALUES (164,8);
INSERT INTO "CD_compositions" VALUES (83,45);
INSERT INTO "CD_compositions" VALUES (109,15);
INSERT INTO "CD_compositions" VALUES (29,46);
INSERT INTO "CD_compositions" VALUES (71,44);
INSERT INTO "CD_compositions" VALUES (179,13);
INSERT INTO "CD_compositions" VALUES (10,7);
INSERT INTO "CD_compositions" VALUES (186,9);
INSERT INTO "CD_compositions" VALUES (118,47);
INSERT INTO "CD_compositions" VALUES (74,23);
INSERT INTO "CD_compositions" VALUES (126,30);
INSERT INTO "CD_compositions" VALUES (181,17);
INSERT INTO "CD_compositions" VALUES (88,10);
INSERT INTO "CD_compositions" VALUES (154,30);
INSERT INTO "CD_compositions" VALUES (26,31);
INSERT INTO "CD_compositions" VALUES (172,20);
INSERT INTO "CD_compositions" VALUES (6,4);
INSERT INTO "CD_compositions" VALUES (4,33);
INSERT INTO "CD_compositions" VALUES (143,12);
INSERT INTO "CD_compositions" VALUES (42,47);
INSERT INTO "CD_compositions" VALUES (81,47);
INSERT INTO "CD_compositions" VALUES (3,49);
INSERT INTO "CD_compositions" VALUES (94,21);
INSERT INTO "CD_compositions" VALUES (14,24);
INSERT INTO "CD_compositions" VALUES (178,48);
INSERT INTO "CD_compositions" VALUES (172,47);
INSERT INTO "CD_compositions" VALUES (81,16);
INSERT INTO "CD_compositions" VALUES (63,27);
INSERT INTO "CD_compositions" VALUES (29,49);
INSERT INTO "CD_compositions" VALUES (62,16);
INSERT INTO "CD_compositions" VALUES (12,39);
INSERT INTO "CD_compositions" VALUES (33,23);
INSERT INTO "CD_compositions" VALUES (14,27);
INSERT INTO "CD_compositions" VALUES (130,15);
INSERT INTO "CD_compositions" VALUES (146,40);
INSERT INTO "CD_compositions" VALUES (28,48);
INSERT INTO "CD_compositions" VALUES (6,15);
INSERT INTO "CD_compositions" VALUES (74,37);
INSERT INTO "CD_compositions" VALUES (53,17);
INSERT INTO "CD_compositions" VALUES (193,22);
INSERT INTO "CD_compositions" VALUES (193,50);
INSERT INTO "CD_compositions" VALUES (169,29);
INSERT INTO "CD_compositions" VALUES (78,25);
INSERT INTO "CD_compositions" VALUES (81,27);
INSERT INTO "CD_compositions" VALUES (161,46);
INSERT INTO "CD_compositions" VALUES (37,29);
INSERT INTO "CD_compositions" VALUES (21,43);
INSERT INTO "CD_compositions" VALUES (64,25);
INSERT INTO "CD_compositions" VALUES (42,36);
INSERT INTO "CD_compositions" VALUES (173,6);
INSERT INTO "CD_compositions" VALUES (147,48);
INSERT INTO "CD_compositions" VALUES (53,47);
INSERT INTO "CD_compositions" VALUES (159,10);
INSERT INTO "CD_compositions" VALUES (79,32);
INSERT INTO "CD_compositions" VALUES (84,17);
INSERT INTO "CD_compositions" VALUES (197,7);
INSERT INTO "CD_compositions" VALUES (98,14);
INSERT INTO "CD_compositions" VALUES (117,25);
INSERT INTO "CD_compositions" VALUES (94,5);
INSERT INTO "CD_compositions" VALUES (143,36);
INSERT INTO "CD_compositions" VALUES (114,50);
INSERT INTO "CD_compositions" VALUES (121,14);
INSERT INTO "CD_compositions" VALUES (49,30);
INSERT INTO "CD_compositions" VALUES (110,19);
INSERT INTO "CD_compositions" VALUES (136,29);
INSERT INTO "CD_compositions" VALUES (23,5);
INSERT INTO "CD_compositions" VALUES (146,31);
INSERT INTO "CD_compositions" VALUES (34,34);
INSERT INTO "CD_compositions" VALUES (113,38);
INSERT INTO "CD_compositions" VALUES (80,44);
INSERT INTO "CD_compositions" VALUES (87,43);
INSERT INTO "CD_compositions" VALUES (50,2);
INSERT INTO "CD_compositions" VALUES (16,27);
INSERT INTO "CD_compositions" VALUES (25,13);
INSERT INTO "CD_compositions" VALUES (15,40);
INSERT INTO "CD_compositions" VALUES (49,14);
INSERT INTO "CD_compositions" VALUES (38,23);
INSERT INTO "CD_compositions" VALUES (174,49);
INSERT INTO "CD_compositions" VALUES (52,29);
INSERT INTO "CD_compositions" VALUES (76,42);
INSERT INTO "CD_compositions" VALUES (97,44);
INSERT INTO "CD_compositions" VALUES (62,23);
INSERT INTO "CD_compositions" VALUES (9,25);
INSERT INTO "CD_compositions" VALUES (107,34);
INSERT INTO "CD_compositions" VALUES (103,47);
INSERT INTO "CD_compositions" VALUES (188,14);
INSERT INTO "CD_compositions" VALUES (32,3);
INSERT INTO "CD_compositions" VALUES (63,47);
INSERT INTO "CD_compositions" VALUES (131,13);
INSERT INTO "CD_compositions" VALUES (171,7);
INSERT INTO "CD_compositions" VALUES (140,40);
INSERT INTO "CD_compositions" VALUES (21,29);
INSERT INTO "CD_compositions" VALUES (89,24);
INSERT INTO "CD_compositions" VALUES (198,38);
INSERT INTO "CD_compositions" VALUES (49,12);
INSERT INTO "CD_compositions" VALUES (21,31);
INSERT INTO "CD_compositions" VALUES (11,46);
INSERT INTO "CD_compositions" VALUES (22,21);
INSERT INTO "CD_compositions" VALUES (135,18);
INSERT INTO "CD_compositions" VALUES (93,32);
INSERT INTO "CD_compositions" VALUES (147,44);
INSERT INTO "CD_compositions" VALUES (25,20);
INSERT INTO "CD_compositions" VALUES (103,49);
INSERT INTO "CD_compositions" VALUES (62,26);
INSERT INTO "CD_compositions" VALUES (47,8);
INSERT INTO "CD_compositions" VALUES (164,18);
INSERT INTO "CD_compositions" VALUES (79,7);
INSERT INTO "CD_compositions" VALUES (96,19);
INSERT INTO "CD_compositions" VALUES (97,4);
INSERT INTO "CD_compositions" VALUES (191,7);
INSERT INTO "CD_compositions" VALUES (167,20);
INSERT INTO "CD_compositions" VALUES (84,49);
INSERT INTO "CD_compositions" VALUES (178,39);
INSERT INTO "CD_compositions" VALUES (5,45);
INSERT INTO "CD_compositions" VALUES (68,30);
INSERT INTO "CD_compositions" VALUES (93,10);
INSERT INTO "CD_compositions" VALUES (133,36);
INSERT INTO "CD_compositions" VALUES (103,28);
INSERT INTO "CD_compositions" VALUES (9,1);
INSERT INTO "CD_compositions" VALUES (160,37);
INSERT INTO "CD_compositions" VALUES (187,4);
INSERT INTO "CD_compositions" VALUES (174,35);
INSERT INTO "CD_compositions" VALUES (193,48);
INSERT INTO "CD_compositions" VALUES (98,10);
INSERT INTO "CD_compositions" VALUES (85,45);
INSERT INTO "CD_compositions" VALUES (125,30);
INSERT INTO "CD_compositions" VALUES (67,38);
INSERT INTO "CD_compositions" VALUES (173,40);
INSERT INTO "CD_compositions" VALUES (138,9);
INSERT INTO "CD_compositions" VALUES (72,37);
INSERT INTO "CD_compositions" VALUES (105,13);
INSERT INTO "CD_compositions" VALUES (9,22);
INSERT INTO "CD_compositions" VALUES (124,49);
INSERT INTO "CD_compositions" VALUES (101,38);
INSERT INTO "CD_compositions" VALUES (119,25);
INSERT INTO "CD_compositions" VALUES (28,21);
INSERT INTO "CD_compositions" VALUES (1,36);
INSERT INTO "CD_compositions" VALUES (40,8);
INSERT INTO "CD_compositions" VALUES (152,9);
INSERT INTO "CD_compositions" VALUES (77,32);
INSERT INTO "CD_compositions" VALUES (68,44);
INSERT INTO "CD_compositions" VALUES (71,46);
INSERT INTO "CD_compositions" VALUES (38,10);
INSERT INTO "CD_compositions" VALUES (161,40);
INSERT INTO "CD_compositions" VALUES (21,39);
INSERT INTO "CD_compositions" VALUES (186,18);
INSERT INTO "CD_compositions" VALUES (169,40);
INSERT INTO "CD_compositions" VALUES (83,32);
INSERT INTO "CD_compositions" VALUES (69,30);
INSERT INTO "CD_compositions" VALUES (83,49);
INSERT INTO "CD_compositions" VALUES (81,38);
INSERT INTO "CD_compositions" VALUES (185,15);
INSERT INTO "CD_compositions" VALUES (37,6);
INSERT INTO "CD_compositions" VALUES (23,8);
INSERT INTO "CD_compositions" VALUES (150,9);
INSERT INTO "CD_compositions" VALUES (138,40);
INSERT INTO "CD_compositions" VALUES (60,43);
INSERT INTO "CD_compositions" VALUES (126,39);
INSERT INTO "CD_compositions" VALUES (151,3);
INSERT INTO "CD_compositions" VALUES (29,40);
INSERT INTO "CD_compositions" VALUES (119,46);
INSERT INTO "CD_compositions" VALUES (144,7);
INSERT INTO "CD_compositions" VALUES (26,48);
INSERT INTO "CD_compositions" VALUES (165,8);
INSERT INTO "CD_compositions" VALUES (80,26);
INSERT INTO "CD_compositions" VALUES (69,21);
INSERT INTO "CD_compositions" VALUES (76,22);
INSERT INTO "CD_compositions" VALUES (47,10);
INSERT INTO "CD_compositions" VALUES (19,41);
INSERT INTO "CD_compositions" VALUES (35,24);
INSERT INTO "CD_compositions" VALUES (76,30);
INSERT INTO "CD_compositions" VALUES (140,32);
INSERT INTO "CD_compositions" VALUES (104,47);
INSERT INTO "CD_compositions" VALUES (49,22);
INSERT INTO "CD_compositions" VALUES (181,31);
INSERT INTO "CD_compositions" VALUES (199,8);
INSERT INTO "CD_compositions" VALUES (31,35);
INSERT INTO "CD_compositions" VALUES (113,7);
INSERT INTO "CD_compositions" VALUES (12,40);
INSERT INTO "CD_compositions" VALUES (93,47);
INSERT INTO "CD_compositions" VALUES (25,5);
INSERT INTO "CD_compositions" VALUES (121,34);
INSERT INTO "CD_compositions" VALUES (117,14);
INSERT INTO "CD_compositions" VALUES (73,15);
INSERT INTO "CD_compositions" VALUES (186,40);
INSERT INTO "CD_compositions" VALUES (125,33);
INSERT INTO "CD_compositions" VALUES (133,22);
INSERT INTO "CD_compositions" VALUES (22,28);
INSERT INTO "CD_compositions" VALUES (68,23);
INSERT INTO "CD_compositions" VALUES (118,32);
INSERT INTO "CD_compositions" VALUES (161,39);
INSERT INTO "CD_compositions" VALUES (38,48);
INSERT INTO "CD_compositions" VALUES (25,17);
INSERT INTO "CD_compositions" VALUES (55,8);
INSERT INTO "CD_compositions" VALUES (159,43);
INSERT INTO "CD_compositions" VALUES (41,34);
INSERT INTO "CD_compositions" VALUES (166,43);
INSERT INTO "CD_compositions" VALUES (122,1);
INSERT INTO "CD_compositions" VALUES (125,49);
INSERT INTO "CD_compositions" VALUES (57,34);
INSERT INTO "CD_compositions" VALUES (19,9);
INSERT INTO "CD_compositions" VALUES (199,38);
INSERT INTO "CD_compositions" VALUES (109,41);
INSERT INTO "CD_compositions" VALUES (66,48);
INSERT INTO "CD_compositions" VALUES (88,36);
INSERT INTO "CD_compositions" VALUES (71,39);
INSERT INTO "CD_compositions" VALUES (162,16);
INSERT INTO "CD_compositions" VALUES (178,44);
INSERT INTO "CD_compositions" VALUES (155,32);
INSERT INTO "CD_compositions" VALUES (199,20);
INSERT INTO "CD_compositions" VALUES (121,12);
INSERT INTO "CD_compositions" VALUES (45,43);
INSERT INTO "CD_compositions" VALUES (85,25);
INSERT INTO "CD_compositions" VALUES (127,10);
INSERT INTO "CD_compositions" VALUES (109,24);
INSERT INTO "CD_compositions" VALUES (97,30);
INSERT INTO "CD_compositions" VALUES (27,21);
INSERT INTO "CD_compositions" VALUES (29,44);
INSERT INTO "CD_compositions" VALUES (7,8);
INSERT INTO "CD_compositions" VALUES (87,35);
INSERT INTO "CD_compositions" VALUES (167,5);
INSERT INTO "CD_compositions" VALUES (5,29);
INSERT INTO "CD_compositions" VALUES (31,21);
INSERT INTO "CD_compositions" VALUES (7,41);
INSERT INTO "CD_compositions" VALUES (76,11);
INSERT INTO "CD_compositions" VALUES (39,32);
INSERT INTO "CD_compositions" VALUES (84,5);
INSERT INTO "CD_compositions" VALUES (55,35);
INSERT INTO "CD_compositions" VALUES (94,9);
INSERT INTO "CD_compositions" VALUES (32,36);
INSERT INTO "CD_compositions" VALUES (125,20);
INSERT INTO "CD_compositions" VALUES (158,33);
INSERT INTO "CD_compositions" VALUES (112,14);
INSERT INTO "CD_compositions" VALUES (78,36);
INSERT INTO "CD_compositions" VALUES (174,22);
INSERT INTO "CD_compositions" VALUES (62,34);
INSERT INTO "CD_compositions" VALUES (14,4);
INSERT INTO "CD_compositions" VALUES (35,23);
INSERT INTO "CD_compositions" VALUES (158,44);
INSERT INTO "CD_compositions" VALUES (191,11);
INSERT INTO "CD_compositions" VALUES (76,21);
INSERT INTO "CD_compositions" VALUES (106,20);
INSERT INTO "CD_compositions" VALUES (171,8);
INSERT INTO "CD_compositions" VALUES (52,3);
INSERT INTO "CD_compositions" VALUES (96,7);
INSERT INTO "CD_compositions" VALUES (124,7);
INSERT INTO "CD_compositions" VALUES (187,25);
INSERT INTO "CD_compositions" VALUES (68,45);
INSERT INTO "CD_compositions" VALUES (131,47);
INSERT INTO "CD_compositions" VALUES (136,41);
INSERT INTO "CD_compositions" VALUES (197,1);
INSERT INTO "CD_compositions" VALUES (112,44);
INSERT INTO "CD_compositions" VALUES (179,49);
INSERT INTO "CD_compositions" VALUES (158,35);
INSERT INTO "CD_compositions" VALUES (4,43);
INSERT INTO "CD_compositions" VALUES (102,32);
INSERT INTO "CD_compositions" VALUES (39,41);
INSERT INTO "CD_compositions" VALUES (175,18);
INSERT INTO "CD_compositions" VALUES (177,36);
INSERT INTO "CD_compositions" VALUES (140,12);
INSERT INTO "CD_compositions" VALUES (123,7);
INSERT INTO "CD_compositions" VALUES (55,45);
INSERT INTO "CD_compositions" VALUES (129,9);
INSERT INTO "CD_compositions" VALUES (191,19);
INSERT INTO "CD_compositions" VALUES (71,36);
INSERT INTO "CD_compositions" VALUES (138,16);
INSERT INTO "CD_compositions" VALUES (178,50);
INSERT INTO "CD_compositions" VALUES (107,13);
INSERT INTO "CD_compositions" VALUES (130,32);
INSERT INTO "CD_compositions" VALUES (165,22);
INSERT INTO "CD_compositions" VALUES (17,29);
INSERT INTO "CD_compositions" VALUES (13,45);
INSERT INTO "CD_compositions" VALUES (12,4);
INSERT INTO "CD_compositions" VALUES (97,19);
INSERT INTO "CD_compositions" VALUES (17,18);
INSERT INTO "CD_compositions" VALUES (115,27);
INSERT INTO "CD_compositions" VALUES (125,14);
INSERT INTO "CD_compositions" VALUES (161,44);
INSERT INTO "CD_compositions" VALUES (58,15);
INSERT INTO "CD_compositions" VALUES (123,5);
INSERT INTO "CD_compositions" VALUES (194,16);
INSERT INTO "CD_compositions" VALUES (170,35);
INSERT INTO "CD_compositions" VALUES (127,46);
INSERT INTO "CD_compositions" VALUES (134,1);
INSERT INTO "CD_compositions" VALUES (198,50);
INSERT INTO "CD_compositions" VALUES (80,21);
INSERT INTO "CD_compositions" VALUES (72,17);
INSERT INTO "CD_compositions" VALUES (143,13);
INSERT INTO "CD_compositions" VALUES (44,48);
INSERT INTO "CD_compositions" VALUES (150,24);
INSERT INTO "CD_compositions" VALUES (171,12);
INSERT INTO "CD_compositions" VALUES (117,32);
INSERT INTO "CD_compositions" VALUES (26,35);
INSERT INTO "CD_compositions" VALUES (120,32);
INSERT INTO "CD_compositions" VALUES (8,45);
INSERT INTO "CD_compositions" VALUES (110,13);
INSERT INTO "CD_compositions" VALUES (72,14);
INSERT INTO "CD_compositions" VALUES (51,16);
INSERT INTO "CD_compositions" VALUES (116,49);
INSERT INTO "CD_compositions" VALUES (99,31);
INSERT INTO "CD_compositions" VALUES (50,39);
INSERT INTO "CD_compositions" VALUES (153,12);
INSERT INTO "CD_compositions" VALUES (110,23);
INSERT INTO "CD_compositions" VALUES (49,32);
INSERT INTO "CD_compositions" VALUES (5,9);
INSERT INTO "CD_compositions" VALUES (84,32);
INSERT INTO "CD_compositions" VALUES (173,22);
INSERT INTO "CD_compositions" VALUES (118,31);
INSERT INTO "CD_compositions" VALUES (63,36);
INSERT INTO "CD_compositions" VALUES (60,20);
INSERT INTO "CD_compositions" VALUES (151,16);
INSERT INTO "CD_compositions" VALUES (32,39);
INSERT INTO "CD_compositions" VALUES (108,18);
INSERT INTO "CD_compositions" VALUES (30,30);
INSERT INTO "CD_compositions" VALUES (113,9);
INSERT INTO "CD_compositions" VALUES (177,33);
INSERT INTO "CD_compositions" VALUES (8,25);
INSERT INTO "CD_compositions" VALUES (119,44);
INSERT INTO "CD_compositions" VALUES (160,29);
INSERT INTO "CD_compositions" VALUES (195,17);
INSERT INTO "CD_compositions" VALUES (112,30);
INSERT INTO "CD_compositions" VALUES (127,23);
INSERT INTO "CD_compositions" VALUES (59,45);
INSERT INTO "CD_compositions" VALUES (96,38);
INSERT INTO "CD_compositions" VALUES (63,34);
INSERT INTO "CD_compositions" VALUES (80,4);
INSERT INTO "CD_compositions" VALUES (21,30);
INSERT INTO "CD_compositions" VALUES (73,23);
INSERT INTO "CD_compositions" VALUES (114,34);
INSERT INTO "CD_compositions" VALUES (132,45);
INSERT INTO "CD_compositions" VALUES (51,50);
INSERT INTO "CD_compositions" VALUES (119,2);
INSERT INTO "CD_compositions" VALUES (12,7);
INSERT INTO "CD_compositions" VALUES (72,4);
INSERT INTO "CD_compositions" VALUES (120,50);
INSERT INTO "CD_compositions" VALUES (166,31);
INSERT INTO "CD_compositions" VALUES (150,39);
INSERT INTO "CD_compositions" VALUES (67,26);
INSERT INTO "CD_compositions" VALUES (121,15);
INSERT INTO "CD_compositions" VALUES (74,20);
INSERT INTO "CD_compositions" VALUES (58,34);
INSERT INTO "CD_compositions" VALUES (1,4);
INSERT INTO "CD_compositions" VALUES (56,45);
INSERT INTO "CD_compositions" VALUES (153,37);
INSERT INTO "CD_compositions" VALUES (53,30);
INSERT INTO "CD_compositions" VALUES (199,39);
INSERT INTO "CD_compositions" VALUES (115,17);
INSERT INTO "CD_compositions" VALUES (11,14);
INSERT INTO "CD_compositions" VALUES (100,5);
INSERT INTO "CD_compositions" VALUES (25,12);
INSERT INTO "CD_compositions" VALUES (105,3);
INSERT INTO "CD_compositions" VALUES (68,4);
INSERT INTO "CD_compositions" VALUES (24,47);
INSERT INTO "CD_compositions" VALUES (99,2);
INSERT INTO "CD_compositions" VALUES (188,22);
INSERT INTO "CD_compositions" VALUES (21,36);
INSERT INTO "CD_compositions" VALUES (166,13);
INSERT INTO "CD_compositions" VALUES (94,11);
INSERT INTO "CD_compositions" VALUES (88,45);
INSERT INTO "CD_compositions" VALUES (10,31);
INSERT INTO "CD_compositions" VALUES (128,18);
INSERT INTO "CD_compositions" VALUES (190,6);
INSERT INTO "CD_compositions" VALUES (149,12);
INSERT INTO "CD_compositions" VALUES (194,22);
INSERT INTO "CD_compositions" VALUES (151,49);
INSERT INTO "CD_compositions" VALUES (40,22);
INSERT INTO "CD_compositions" VALUES (45,6);
INSERT INTO "CD_compositions" VALUES (195,38);
INSERT INTO "CD_compositions" VALUES (121,38);
INSERT INTO "CD_compositions" VALUES (78,9);
INSERT INTO "CD_compositions" VALUES (31,48);
INSERT INTO "CD_compositions" VALUES (43,28);
INSERT INTO "CD_compositions" VALUES (150,12);
INSERT INTO "CD_compositions" VALUES (137,18);
INSERT INTO "CD_compositions" VALUES (149,37);
INSERT INTO "CD_compositions" VALUES (186,38);
INSERT INTO "CD_compositions" VALUES (87,12);
INSERT INTO "CD_compositions" VALUES (174,2);
INSERT INTO "CD_compositions" VALUES (19,32);
INSERT INTO "CD_compositions" VALUES (14,7);
INSERT INTO "CD_compositions" VALUES (169,25);
INSERT INTO "CD_compositions" VALUES (136,11);
INSERT INTO "CD_compositions" VALUES (121,10);
INSERT INTO "CD_compositions" VALUES (177,26);
INSERT INTO "CD_compositions" VALUES (23,10);
INSERT INTO "CD_compositions" VALUES (43,40);
INSERT INTO "CD_compositions" VALUES (77,46);
INSERT INTO "CD_compositions" VALUES (50,11);
INSERT INTO "CD_compositions" VALUES (107,4);
INSERT INTO "CD_compositions" VALUES (94,18);
INSERT INTO "CD_compositions" VALUES (73,31);
INSERT INTO "CD_compositions" VALUES (26,43);
INSERT INTO "CD_compositions" VALUES (64,3);
INSERT INTO "CD_compositions" VALUES (48,16);
INSERT INTO "CD_compositions" VALUES (148,10);
INSERT INTO "CD_compositions" VALUES (144,12);
INSERT INTO "CD_compositions" VALUES (169,30);
INSERT INTO "CD_compositions" VALUES (31,14);
INSERT INTO "CD_compositions" VALUES (181,2);
INSERT INTO "CD_compositions" VALUES (197,3);
INSERT INTO "CD_compositions" VALUES (153,43);
INSERT INTO "CD_compositions" VALUES (83,3);
INSERT INTO "CD_compositions" VALUES (159,42);
INSERT INTO "CD_compositions" VALUES (20,24);
INSERT INTO "CD_compositions" VALUES (139,43);
INSERT INTO "CD_compositions" VALUES (94,43);
INSERT INTO "CD_compositions" VALUES (77,13);
INSERT INTO "CD_compositions" VALUES (139,18);
INSERT INTO "CD_compositions" VALUES (2,12);
INSERT INTO "CD_compositions" VALUES (102,2);
INSERT INTO "CD_compositions" VALUES (162,5);
INSERT INTO "CD_compositions" VALUES (17,11);
INSERT INTO "CD_compositions" VALUES (176,4);
CREATE TRIGGER BEFORE_insert_trades
	BEFORE INSERT
	on trades	
BEGIN 
UPDATE storage
		SET CD_amount=
		CASE NEW.id_operation
	when 1
		then CD_amount-NEW.copies_amount
	when 2 
		then CD_amount+NEW.copies_amount
		END
		where id_storageSlot=NEW.id_storageSlot;
END;
CREATE TRIGGER AFTER_insert_CD
	AFTER INSERT
	on CD	
BEGIN 
INSERT INTO storage(id_storageSlot,id_cd,CD_amount)
		VALUES(NEW.id_cd,NEW.id_cd,0);
END;
CREATE VIEW _query_solds_and_remainder AS
SELECT DISTINCT CD.compact_code, sum(copies_amount)as sold_amount, CD_amount
FROM trades
INNER JOIN storage ON storage.id_storageSlot=trades.id_storageSlot
INNER JOIN CD ON CD.id_cd=storage.id_cd
WHERE id_operation = 1
GROUP by trades.id_storageSlot
ORDER BY (sold_amount - CD_amount) DESC;
CREATE VIEW _query_sale_and_admission_v2 AS 
SELECT id_cd,
coalesce(sum(sale_count),0) as sale_count,
coalesce(sum(admission_count),0) as admission_count from
(SELECT  
id_storageSlot as id_cd,
CASE 
	WHEN id_operation=1
	then sum(copies_amount)
	END sale_count,
CASE 
	WHEN id_operation=2
	then sum(copies_amount)
	END admission_count
FROM trades 
WHERE trade_date BETWEEN '01-01-2000' and '30-12-2022' 
GROup by id_storageSlot,id_operation)
GROUP by id_cd;
CREATE VIEW _query_sale_and_admission AS 
SELECT  
id_storageSlot as id_cd,
coalesce(admission,0) as admission_count,
coalesce(sale,0) as sale_count
FROM trades 
 INNER JOIN 
 (SELECT 
 sum(copies_amount) as admission,id_storageSlot 
 from trades 
 WHERE id_operation=2 
 GROUP BY id_storageSlot) Using(id_storageSlot)
 INNER JOIN 
 (SELECT 
 sum(copies_amount) as sale,id_storageSlot 
 from trades 
 WHERE id_operation=1 
 GROUP BY id_storageSlot) Using(id_storageSlot)
 WHERE trade_date BETWEEN '01-01-2000' and '30-12-2022' 
 GROup by id_storageSlot;
CREATE VIEW _query_out_sum_by_authors AS 
SELECT 
	authors.id_author, 
	author_name,
	sum(copies_sold) as copies_sold,
	sum(out_compact_sum) as out_compact_sum
	FROM 
	authors 
INNER JOIN compositions ON authors.id_author=compositions.id_author
INNER JOIN CD_compositions ON CD_compositions.id_composition=compositions.id_composition
INNER JOIN (
SELECT CD.id_cd,
	sum(copies_amount) as copies_sold,
	(sum(copies_amount)*replace(compact_price,' ','')) as out_compact_sum
	FROM trades
	INNER JOIN storage ON trades.id_storageSlot=storage.id_storageSlot
	INNER JOIN CD ON storage.id_cd=CD.id_cd
	WHERE id_operation=1
	GROUP BY storage.id_storageSlot)
	as tbl_1 ON tbl_1.id_cd=CD_compositions.id_cd 
GROUP by authors.id_author
	ORDER by authors.id_author;
CREATE VIEW _query_max_sold_for_the_period AS 
SELECT  
compact_code,
sum(copies_amount) as copies_sold ,
 sum(copies_amount)*replace(compact_price,' ','') as priceOfCDs
FROM trades 
INNER JOIN storage ON trades.id_storageSlot=storage.id_storageSlot
INNER JOIN CD on CD.id_cd=storage.id_cd
 WHERE id_operation=1 
 AND trade_date BETWEEN '01-01-2000' and '30-12-2030' /*dd-mm-yyyy */
 AND trades.id_storageSlot=(SELECT id_cd from CD where compact_code='29830591-7');
CREATE VIEW _query_max_CDs_sold_with_most_popular_performer AS 
SELECT 
	sum(copies_amount) as disks_sold,performer_name
From 
	CD
INNER JOIN trades On CD.id_cd = trades.id_storageSlot
INNER JOIN performers USING(id_performer)
WHERE 
id_operation=1 
AND id_performer=
			(SELECT	
				id_performer
			FROM
				CD
			GROUP by 
				id_performer
			ORDER By 
				count(id_performer) DESC
			LIMIT 1);
CREATE VIEW _query_cd_with_max_solds AS 

SELECT tbl_1.*,
GROUP_CONCAT("Composition: "
||coalesce(tbl_2.composition_name,'Unknown')
||char(10)
||"Author: "
||coalesce(tbl_2.author_name,'Unknown'),char(10)) as compositions_info

FROM (SELECT  storage.id_cd,
(
SELECT max(copies) from (Select sum(copies_amount)as copies,id_cd 
FROM trades
INNER JOIN storage  ON storage.id_storageSlot=trades.id_storageSlot
WHERE id_operation=1 
 GROUP BY storage.id_storageSlot)) 
 as max_copies_sold,
 group_concat(id_trade) as id_trades,
compact_code,
compact_date,
compact_price,
company_name,
performer_name

FROM trades

INNER JOIN storage  ON storage.id_storageSlot=trades.id_storageSlot
INNER JOIN CD ON CD.id_cd=storage.id_cd
INNER JOIN companies ON CD.id_company=companies.id_company
INNER JOIN performers ON CD.id_performer=performers.id_performer

WHERE id_operation=1 

GROUP BY storage.id_storageSlot
HAVING sum(copies_amount) = max_copies_sold
					
ORDER by storage.id_cd) 
as tbl_1

 LEFT JOIN (SELECT id_cd,composition_name,author_name 
from compositions 
INNER JOIN CD_compositions USING(id_composition)
INNER JOIN authors USING(id_author)
)as tbl_2 ON tbl_2.id_cd=tbl_1.id_cd

GROUp by tbl_1.id_cd;
COMMIT;
